order_id,order_date,customer_id,category,product,region,quantity,unit_price,discount,sales,cost,profit,payment_method
ORD00026,2025-01-02,CUST0254,Furniture,Desk,West,4,274.11,0,1096.44,716.33,380.11,Net Banking
ORD00400,2025-01-02,CUST0022,Sports,Dumbbells,East,2,62.13,15,105.62,83.88,21.74,Credit Card
ORD00407,2025-01-02,CUST0124,Furniture,Desk,South,3,250.84,10,677.27,525.28,151.99,Debit Card
ORD01265,2025-01-02,CUST0057,Furniture,Office Chair,South,5,178.72,5,848.92,666.43,182.49,Debit Card
ORD00765,2025-01-02,CUST0243,Accessories,Sunglasses,North,3,66.17,10,178.66,114.41,64.25,UPI
ORD01208,2025-01-02,CUST0152,Electronics,Smartphone,North,4,416.23,0,1664.92,978.43,686.49,Net Banking
ORD01287,2025-01-03,CUST0179,Accessories,Sunglasses,West,3,74.85,5,213.32,142.67,70.65,Cash
ORD00253,2025-01-03,CUST0104,Furniture,Bookshelf,East,2,148.73,10,267.71,207.73,59.98,Debit Card
ORD00804,2025-01-04,CUST0090,Furniture,Office Chair,Central,1,190.88,10,171.79,119.69,52.1,Cash
ORD00964,2025-01-04,CUST0157,Furniture,Office Chair,North,3,181.27,5,516.62,317.49,199.13,Credit Card
ORD01417,2025-01-04,CUST0036,Furniture,Bookshelf,South,4,146.85,0,587.4,338.74,248.66,UPI
ORD00680,2025-01-05,CUST0182,Accessories,Backpack,Central,2,49.86,0,99.72,73.05,26.67,UPI
ORD00508,2025-01-06,CUST0197,Sports,Dumbbells,South,5,57.64,5,273.79,212.26,61.53,Credit Card
ORD00753,2025-01-06,CUST0125,Electronics,Laptop,South,2,629.63,10,1133.33,775.34,357.99,Net Banking
ORD00033,2025-01-06,CUST0099,Electronics,Laptop,West,1,646.09,20,516.87,391.47,125.4,Credit Card
ORD01135,2025-01-07,CUST0292,Furniture,Bookshelf,West,4,148.52,10,534.67,405.06,129.61,Cash
ORD00120,2025-01-07,CUST0263,Electronics,Monitor,North,5,215.88,0,1079.4,663.61,415.79,Net Banking
ORD00412,2025-01-07,CUST0137,Accessories,Sunglasses,West,1,71.78,0,71.78,45.01,26.77,UPI
ORD00085,2025-01-07,CUST0003,Furniture,Desk,East,2,226.83,10,408.29,272.42,135.87,Cash
ORD01086,2025-01-08,CUST0051,Sports,Yoga Mat,East,3,35.97,5,102.51,65.57,36.94,Net Banking
ORD00908,2025-01-08,CUST0046,Electronics,Laptop,Central,5,695.88,5,3305.43,2183.41,1122.02,Debit Card
ORD00371,2025-01-08,CUST0235,Accessories,Sunglasses,West,5,70.85,5,336.54,256.05,80.49,Credit Card
ORD00579,2025-01-08,CUST0122,Electronics,Headphones,West,4,80.19,5,304.72,207.42,97.3,Cash
ORD01497,2025-01-08,CUST0223,Sports,Yoga Mat,Central,1,36.46,0,36.46,20.55,15.91,Debit Card
ORD00526,2025-01-08,CUST0090,Accessories,Watch,West,3,113.38,15,289.12,202.46,86.66,Cash
ORD01351,2025-01-08,CUST0043,Sports,Running Shoes,West,5,86.42,10,388.89,239.26,149.63,Net Banking
ORD01257,2025-01-09,CUST0030,Sports,Yoga Mat,East,5,34.63,5,164.49,111.08,53.41,Net Banking
ORD00820,2025-01-09,CUST0121,Accessories,Backpack,East,2,53.89,10,97.0,60.61,36.39,UPI
ORD01394,2025-01-09,CUST0236,Electronics,Laptop,West,5,669.1,5,3178.22,2170.64,1007.58,Net Banking
ORD00010,2025-01-09,CUST0129,Accessories,Watch,West,1,111.97,5,106.37,61.93,44.44,UPI
ORD00839,2025-01-09,CUST0289,Electronics,Laptop,West,1,672.19,10,604.97,405.93,199.04,Credit Card
ORD01151,2025-01-10,CUST0166,Electronics,Headphones,Central,3,79.97,0,239.91,158.54,81.37,Debit Card
ORD00670,2025-01-10,CUST0212,Sports,Running Shoes,West,2,87.02,10,156.64,113.8,42.84,Net Banking
ORD01200,2025-01-10,CUST0224,Sports,Yoga Mat,Central,5,35.54,5,168.81,122.7,46.11,Debit Card
ORD00743,2025-01-10,CUST0114,Sports,Yoga Mat,West,5,34.75,15,147.69,122.82,24.87,Cash
ORD01376,2025-01-10,CUST0214,Accessories,Watch,North,4,126.64,15,430.58,358.5,72.08,UPI
ORD01067,2025-01-10,CUST0012,Accessories,Watch,North,1,110.38,10,99.34,66.7,32.64,Credit Card
ORD00935,2025-01-10,CUST0148,Accessories,Sunglasses,North,4,65.13,5,247.49,178.02,69.47,Net Banking
ORD01007,2025-01-10,CUST0080,Furniture,Office Chair,West,2,181.52,5,344.89,210.43,134.46,UPI
ORD01479,2025-01-10,CUST0234,Electronics,Headphones,South,2,83.49,15,141.93,123.35,18.58,Cash
ORD00105,2025-01-11,CUST0254,Electronics,Headphones,South,4,76.03,10,273.71,188.29,85.42,Debit Card
ORD00522,2025-01-11,CUST0085,Accessories,Sunglasses,Central,3,65.28,10,176.26,116.87,59.39,Net Banking
ORD00468,2025-01-11,CUST0098,Electronics,Laptop,South,1,706.94,15,600.9,400.85,200.05,Cash
ORD00561,2025-01-11,CUST0215,Electronics,Monitor,Central,4,231.28,5,878.86,592.85,286.01,Debit Card
ORD01120,2025-01-11,CUST0008,Sports,Dumbbells,North,5,64.46,0,322.3,179.22,143.08,Cash
ORD01431,2025-01-12,CUST0243,Electronics,Keyboard,West,3,49.38,15,125.92,84.1,41.82,UPI
ORD01000,2025-01-12,CUST0234,Accessories,Watch,North,2,127.69,10,229.84,155.03,74.81,UPI
ORD00082,2025-01-12,CUST0046,Sports,Yoga Mat,South,5,35.34,0,176.7,116.07,60.63,Credit Card
ORD00255,2025-01-12,CUST0209,Sports,Running Shoes,North,4,96.26,10,346.54,276.46,70.08,Debit Card
ORD00572,2025-01-12,CUST0118,Accessories,Sunglasses,East,5,75.53,0,377.65,218.97,158.68,Credit Card
ORD00201,2025-01-12,CUST0133,Furniture,Bookshelf,South,2,126.72,5,240.77,156.69,84.08,Net Banking
ORD01408,2025-01-12,CUST0210,Furniture,Desk,Central,2,260.72,5,495.37,292.59,202.78,Net Banking
ORD00343,2025-01-13,CUST0184,Furniture,Desk,West,2,260.35,10,468.63,291.62,177.01,Debit Card
ORD00037,2025-01-13,CUST0036,Sports,Dumbbells,Central,5,59.04,5,280.44,177.49,102.95,Cash
ORD00953,2025-01-13,CUST0299,Furniture,Bookshelf,West,3,133.35,5,380.05,239.37,140.68,UPI
ORD01254,2025-01-13,CUST0044,Furniture,Office Chair,North,2,164.5,10,296.1,244.92,51.18,Debit Card
ORD00481,2025-01-13,CUST0045,Sports,Running Shoes,South,1,90.36,5,85.84,59.13,26.71,Debit Card
ORD01404,2025-01-13,CUST0214,Furniture,Desk,West,4,245.46,10,883.66,589.89,293.77,Cash
ORD01326,2025-01-14,CUST0189,Electronics,Headphones,West,1,85.1,5,80.84,48.93,31.91,Debit Card
ORD01416,2025-01-14,CUST0103,Electronics,Smartphone,Central,4,411.15,10,1480.14,1218.68,261.46,Net Banking
ORD00459,2025-01-14,CUST0203,Electronics,Smartphone,East,4,446.51,15,1518.13,1318.07,200.06,Net Banking
ORD00065,2025-01-14,CUST0143,Electronics,Headphones,North,3,80.37,20,192.89,162.96,29.93,Net Banking
ORD01437,2025-01-14,CUST0232,Electronics,Smartphone,Central,2,469.08,20,750.53,608.54,141.99,Net Banking
ORD01170,2025-01-14,CUST0133,Furniture,Desk,North,2,262.64,10,472.75,318.53,154.22,Debit Card
ORD00899,2025-01-14,CUST0164,Furniture,Office Chair,West,5,190.54,5,905.06,696.57,208.49,Net Banking
ORD01341,2025-01-15,CUST0121,Electronics,Smartphone,South,1,455.04,5,432.29,276.2,156.09,Credit Card
ORD00101,2025-01-15,CUST0111,Furniture,Office Chair,Central,3,174.06,10,469.96,301.74,168.22,Credit Card
ORD00803,2025-01-15,CUST0292,Furniture,Bookshelf,North,2,143.25,0,286.5,212.63,73.87,Net Banking
ORD00851,2025-01-16,CUST0145,Accessories,Watch,East,1,127.11,10,114.4,84.73,29.67,Net Banking
ORD01483,2025-01-16,CUST0276,Accessories,Sunglasses,South,5,73.87,15,313.95,220.01,93.94,Debit Card
ORD01305,2025-01-16,CUST0240,Electronics,Keyboard,South,3,48.44,20,116.26,96.63,19.63,Cash
ORD01047,2025-01-17,CUST0216,Furniture,Office Chair,West,4,176.98,5,672.52,495.07,177.45,UPI
ORD01032,2025-01-17,CUST0288,Furniture,Bookshelf,East,5,145.97,5,693.36,497.67,195.69,Credit Card
ORD00157,2025-01-17,CUST0223,Furniture,Desk,South,2,255.85,5,486.11,381.85,104.26,Cash
ORD01289,2025-01-18,CUST0086,Accessories,Watch,North,4,116.46,5,442.55,307.91,134.64,Credit Card
ORD00807,2025-01-18,CUST0073,Furniture,Desk,North,5,241.93,15,1028.2,678.72,349.48,Net Banking
ORD01039,2025-01-18,CUST0226,Accessories,Backpack,South,2,54.06,15,91.9,71.72,20.18,Net Banking
ORD01113,2025-01-18,CUST0077,Sports,Yoga Mat,Central,3,35.53,5,101.26,67.65,33.61,UPI
ORD01175,2025-01-19,CUST0170,Accessories,Sunglasses,South,5,63.27,15,268.9,220.33,48.57,Credit Card
ORD01084,2025-01-19,CUST0226,Electronics,Smartphone,North,4,466.01,0,1864.04,1238.49,625.55,Credit Card
ORD00403,2025-01-19,CUST0214,Accessories,Sunglasses,Central,5,73.97,0,369.85,224.56,145.29,UPI
ORD00710,2025-01-19,CUST0017,Sports,Running Shoes,Central,1,90.61,0,90.61,62.31,28.3,Debit Card
ORD01100,2025-01-19,CUST0231,Accessories,Watch,South,1,113.42,0,113.42,62.95,50.47,UPI
ORD01199,2025-01-19,CUST0265,Electronics,Monitor,Central,5,210.39,0,1051.95,629.96,421.99,Cash
ORD00731,2025-01-20,CUST0226,Furniture,Bookshelf,South,3,134.3,5,382.76,296.51,86.25,Credit Card
ORD00905,2025-01-20,CUST0048,Sports,Yoga Mat,North,5,32.76,10,147.42,93.36,54.06,Debit Card
ORD01433,2025-01-20,CUST0122,Electronics,Keyboard,North,4,41.71,10,150.16,105.38,44.78,Debit Card
ORD01250,2025-01-20,CUST0049,Electronics,Monitor,South,5,201.82,10,908.19,696.62,211.57,Net Banking
ORD01206,2025-01-21,CUST0152,Electronics,Keyboard,West,1,49.32,5,46.85,29.35,17.5,Debit Card
ORD00424,2025-01-21,CUST0242,Electronics,Laptop,East,5,594.16,0,2970.8,1744.24,1226.56,Net Banking
ORD00878,2025-01-22,CUST0088,Furniture,Desk,North,3,237.39,10,640.95,396.87,244.08,Net Banking
ORD00347,2025-01-22,CUST0030,Accessories,Sunglasses,West,2,74.52,10,134.14,105.94,28.2,Net Banking
ORD01187,2025-01-22,CUST0040,Furniture,Bookshelf,Central,1,138.95,5,132.0,87.26,44.74,UPI
ORD01476,2025-01-22,CUST0287,Accessories,Sunglasses,North,5,65.06,10,292.77,189.32,103.45,Net Banking
ORD00072,2025-01-23,CUST0053,Electronics,Keyboard,Central,4,49.5,15,168.3,148.37,19.93,Debit Card
ORD00985,2025-01-23,CUST0054,Sports,Yoga Mat,Central,3,31.96,5,91.09,65.98,25.11,UPI
ORD01398,2025-01-23,CUST0246,Electronics,Monitor,East,1,237.84,10,214.06,150.29,63.77,Net Banking
ORD00912,2025-01-23,CUST0047,Furniture,Bookshelf,Central,1,128.18,20,102.54,84.15,18.39,Credit Card
ORD00638,2025-01-23,CUST0181,Electronics,Laptop,West,4,703.2,15,2390.88,2008.13,382.75,Debit Card
ORD01340,2025-01-23,CUST0105,Furniture,Bookshelf,East,5,131.92,5,626.62,426.43,200.19,UPI
ORD00180,2025-01-24,CUST0293,Accessories,Watch,West,1,112.18,15,95.35,83.26,12.09,Cash
ORD01172,2025-01-24,CUST0214,Electronics,Monitor,South,5,211.82,10,953.19,679.86,273.33,UPI
ORD00756,2025-01-24,CUST0028,Accessories,Watch,West,2,108.35,5,205.86,159.11,46.75,UPI
ORD00790,2025-01-24,CUST0099,Electronics,Smartphone,West,4,434.78,0,1739.12,1042.88,696.24,UPI
ORD01217,2025-01-24,CUST0028,Sports,Dumbbells,East,3,55.58,5,158.4,100.57,57.83,Credit Card
ORD00813,2025-01-24,CUST0109,Accessories,Watch,East,2,120.46,5,228.87,143.8,85.07,Credit Card
ORD00177,2025-01-25,CUST0243,Accessories,Sunglasses,South,3,71.31,10,192.54,145.48,47.06,UPI
ORD00087,2025-01-25,CUST0068,Electronics,Laptop,South,2,615.32,10,1107.58,761.26,346.32,UPI
ORD00752,2025-01-25,CUST0073,Furniture,Desk,Central,2,231.31,5,439.49,266.46,173.03,UPI
ORD00056,2025-01-25,CUST0053,Electronics,Headphones,North,2,79.18,10,142.52,96.38,46.14,Net Banking
ORD00286,2025-01-25,CUST0131,Furniture,Office Chair,North,2,167.84,5,318.9,185.47,133.43,Cash
ORD00227,2025-01-25,CUST0079,Electronics,Headphones,West,3,74.34,5,211.87,139.05,72.82,Net Banking
ORD01040,2025-01-25,CUST0160,Electronics,Headphones,West,4,77.38,15,263.09,204.95,58.14,Debit Card
ORD00653,2025-01-26,CUST0217,Accessories,Watch,South,3,113.45,5,323.33,237.83,85.5,Debit Card
ORD01132,2025-01-26,CUST0008,Accessories,Watch,North,3,127.05,5,362.09,260.05,102.04,UPI
ORD00587,2025-01-26,CUST0238,Electronics,Smartphone,Central,1,480.94,10,432.85,295.77,137.08,Cash
ORD00092,2025-01-26,CUST0173,Accessories,Sunglasses,West,3,73.06,15,186.3,144.0,42.3,Net Banking
ORD00194,2025-01-26,CUST0136,Furniture,Desk,North,2,225.88,5,429.17,270.53,158.64,Cash
ORD00163,2025-01-27,CUST0195,Sports,Dumbbells,North,4,63.27,15,215.12,150.84,64.28,Cash
ORD00696,2025-01-27,CUST0195,Electronics,Smartphone,North,1,457.39,10,411.65,324.55,87.1,Debit Card
ORD00344,2025-01-27,CUST0118,Furniture,Desk,Central,3,271.46,15,692.22,513.89,178.33,Net Banking
ORD00831,2025-01-27,CUST0104,Accessories,Sunglasses,South,4,75.49,10,271.76,183.42,88.34,Cash
ORD00922,2025-01-28,CUST0245,Sports,Yoga Mat,South,3,34.62,0,103.86,58.15,45.71,Debit Card
ORD00357,2025-01-28,CUST0149,Electronics,Smartphone,West,1,463.65,0,463.65,323.5,140.15,Credit Card
ORD00693,2025-01-28,CUST0170,Accessories,Sunglasses,West,4,64.87,5,246.51,155.3,91.21,Cash
ORD00129,2025-01-29,CUST0149,Furniture,Office Chair,East,3,165.25,0,495.75,349.11,146.64,UPI
ORD00436,2025-01-29,CUST0117,Electronics,Laptop,East,1,672.52,15,571.64,424.78,146.86,Debit Card
ORD00601,2025-01-30,CUST0244,Furniture,Office Chair,South,1,165.16,0,165.16,96.51,68.65,Cash
ORD00268,2025-01-31,CUST0084,Furniture,Office Chair,North,1,183.97,0,183.97,106.16,77.81,Cash
ORD00962,2025-01-31,CUST0156,Sports,Dumbbells,West,1,54.55,5,51.82,35.94,15.88,Credit Card
ORD00155,2025-01-31,CUST0023,Sports,Dumbbells,South,4,64.57,0,258.28,187.09,71.19,Debit Card
ORD00748,2025-01-31,CUST0249,Furniture,Office Chair,Central,5,163.76,10,736.92,588.51,148.41,Credit Card
ORD00983,2025-01-31,CUST0289,Accessories,Watch,East,2,121.91,15,207.25,164.28,42.97,Credit Card
ORD01312,2025-01-31,CUST0063,Furniture,Office Chair,Central,5,187.71,5,891.62,585.64,305.98,Cash
ORD01069,2025-02-01,CUST0012,Furniture,Bookshelf,Central,4,129.56,0,518.24,303.24,215.0,Cash
ORD00392,2025-02-01,CUST0162,Furniture,Bookshelf,North,1,137.61,5,130.73,96.43,34.3,Credit Card
ORD00646,2025-02-01,CUST0015,Electronics,Headphones,East,2,86.93,10,156.47,116.02,40.45,Cash
ORD00284,2025-02-01,CUST0137,Sports,Dumbbells,West,5,61.38,5,291.56,173.92,117.64,UPI
ORD00975,2025-02-01,CUST0160,Furniture,Office Chair,North,2,170.51,10,306.92,194.24,112.68,UPI
ORD00426,2025-02-01,CUST0055,Accessories,Watch,Central,2,126.94,15,215.8,155.26,60.54,Cash
ORD00772,2025-02-01,CUST0289,Accessories,Backpack,East,5,54.77,0,273.85,203.44,70.41,Debit Card
ORD01158,2025-02-02,CUST0044,Accessories,Backpack,Central,2,49.27,10,88.69,71.72,16.97,Cash
ORD00161,2025-02-02,CUST0134,Electronics,Monitor,East,3,231.36,0,694.08,385.16,308.92,UPI
ORD01035,2025-02-02,CUST0260,Furniture,Bookshelf,South,3,140.01,15,357.03,288.05,68.98,UPI
ORD00857,2025-02-03,CUST0242,Electronics,Smartphone,South,3,443.79,10,1198.23,808.98,389.25,Credit Card
ORD00808,2025-02-03,CUST0084,Furniture,Office Chair,North,1,194.7,15,165.49,130.63,34.86,Cash
ORD00643,2025-02-03,CUST0097,Furniture,Desk,North,5,256.38,5,1217.8,754.27,463.53,Credit Card
ORD01089,2025-02-04,CUST0289,Electronics,Laptop,South,5,660.04,5,3135.19,1858.6,1276.59,Net Banking
ORD00666,2025-02-04,CUST0119,Electronics,Keyboard,South,5,46.84,15,199.07,172.31,26.76,Cash
ORD00615,2025-02-04,CUST0246,Accessories,Watch,Central,1,109.97,10,98.97,74.71,24.26,UPI
ORD00097,2025-02-04,CUST0001,Electronics,Smartphone,West,5,489.45,10,2202.52,1434.69,767.83,Net Banking
ORD01290,2025-02-05,CUST0281,Furniture,Office Chair,East,2,179.96,5,341.92,213.44,128.48,Cash
ORD00945,2025-02-06,CUST0119,Sports,Running Shoes,East,2,98.45,10,177.21,136.81,40.4,Debit Card
ORD01426,2025-02-06,CUST0154,Furniture,Bookshelf,South,5,133.29,5,633.13,452.62,180.51,UPI
ORD01406,2025-02-06,CUST0107,Accessories,Watch,West,5,114.15,15,485.14,420.13,65.01,Cash
ORD01117,2025-02-07,CUST0187,Sports,Yoga Mat,North,5,31.53,5,149.77,94.32,55.45,Cash
ORD01374,2025-02-07,CUST0028,Furniture,Desk,West,3,268.39,20,644.14,443.19,200.95,Cash
ORD00031,2025-02-07,CUST0230,Accessories,Backpack,Central,3,47.65,5,135.8,85.6,50.2,UPI
ORD00915,2025-02-07,CUST0045,Furniture,Desk,North,4,272.16,5,1034.21,801.62,232.59,UPI
ORD01232,2025-02-07,CUST0240,Furniture,Bookshelf,North,1,128.23,0,128.23,81.25,46.98,Debit Card
ORD00880,2025-02-08,CUST0139,Accessories,Sunglasses,West,4,64.0,5,243.2,158.5,84.7,Cash
ORD00802,2025-02-08,CUST0089,Electronics,Monitor,West,4,209.47,15,712.2,510.59,201.61,Credit Card
ORD00391,2025-02-08,CUST0016,Accessories,Sunglasses,Central,1,75.63,5,71.85,53.8,18.05,Net Banking
ORD01277,2025-02-08,CUST0277,Electronics,Laptop,East,5,707.04,10,3181.68,2455.06,726.62,Credit Card
ORD00139,2025-02-08,CUST0015,Electronics,Headphones,North,5,79.06,10,355.77,249.39,106.38,Cash
ORD00061,2025-02-08,CUST0126,Accessories,Watch,East,4,118.18,10,425.45,345.69,79.76,Net Banking
ORD00780,2025-02-09,CUST0026,Electronics,Keyboard,East,3,41.79,10,112.83,69.17,43.66,UPI
ORD01124,2025-02-09,CUST0182,Electronics,Headphones,East,1,83.89,5,79.7,57.64,22.06,Net Banking
ORD00897,2025-02-10,CUST0215,Accessories,Backpack,West,3,47.87,5,136.43,95.01,41.42,Credit Card
ORD00709,2025-02-11,CUST0042,Accessories,Watch,East,2,124.31,15,211.33,165.09,46.24,Cash
ORD00611,2025-02-11,CUST0273,Sports,Running Shoes,Central,3,86.7,5,247.1,185.13,61.97,Net Banking
ORD00237,2025-02-11,CUST0021,Electronics,Monitor,South,4,233.67,10,841.21,628.87,212.34,Net Banking
ORD01198,2025-02-11,CUST0219,Electronics,Headphones,North,3,79.76,15,203.39,146.23,57.16,Debit Card
ORD00634,2025-02-11,CUST0098,Accessories,Sunglasses,North,5,75.67,15,321.6,245.39,76.21,Debit Card
ORD00282,2025-02-11,CUST0268,Furniture,Bookshelf,South,1,151.62,5,144.04,99.55,44.49,UPI
ORD00415,2025-02-12,CUST0041,Sports,Dumbbells,South,1,65.96,5,62.66,39.3,23.36,Debit Card
ORD01161,2025-02-12,CUST0008,Furniture,Bookshelf,Central,4,153.5,5,583.3,385.73,197.57,Net Banking
ORD01382,2025-02-12,CUST0114,Sports,Yoga Mat,West,5,37.38,10,168.21,114.89,53.32,Net Banking
ORD00972,2025-02-12,CUST0057,Accessories,Watch,South,1,109.73,10,98.76,65.98,32.78,Cash
ORD00794,2025-02-13,CUST0028,Electronics,Laptop,Central,5,603.11,15,2563.22,1972.31,590.91,Credit Card
ORD01180,2025-02-13,CUST0230,Accessories,Watch,West,2,129.94,15,220.9,171.33,49.57,Credit Card
ORD00510,2025-02-13,CUST0019,Electronics,Monitor,East,1,235.17,15,199.89,139.88,60.01,Cash
ORD01319,2025-02-14,CUST0078,Furniture,Desk,North,2,258.86,5,491.83,375.3,116.53,Cash
ORD00429,2025-02-14,CUST0247,Electronics,Keyboard,Central,5,43.96,10,197.82,142.4,55.42,Debit Card
ORD01344,2025-02-15,CUST0159,Sports,Running Shoes,South,4,92.25,5,350.55,264.01,86.54,Net Banking
ORD00370,2025-02-15,CUST0294,Furniture,Office Chair,South,3,174.75,10,471.82,387.85,83.97,Debit Card
ORD00295,2025-02-15,CUST0038,Electronics,Laptop,West,3,606.98,0,1820.94,1143.46,677.48,Net Banking
ORD00263,2025-02-16,CUST0078,Electronics,Laptop,West,4,608.17,5,2311.05,1671.69,639.36,UPI
ORD00568,2025-02-16,CUST0251,Sports,Dumbbells,East,1,57.56,5,54.68,33.31,21.37,Cash
ORD00960,2025-02-16,CUST0249,Sports,Dumbbells,Central,3,55.21,0,165.63,91.47,74.16,UPI
ORD01103,2025-02-16,CUST0005,Sports,Running Shoes,West,5,85.66,10,385.47,296.27,89.2,Credit Card
ORD00416,2025-02-16,CUST0063,Electronics,Monitor,North,5,206.77,0,1033.85,750.05,283.8,Credit Card
ORD00737,2025-02-16,CUST0053,Accessories,Sunglasses,East,2,66.08,10,118.94,84.45,34.49,Net Banking
ORD00652,2025-02-16,CUST0107,Sports,Running Shoes,West,1,81.07,0,81.07,52.73,28.34,Credit Card
ORD00443,2025-02-17,CUST0136,Sports,Running Shoes,North,4,82.72,10,297.79,188.85,108.94,Debit Card
ORD00617,2025-02-17,CUST0224,Electronics,Smartphone,East,4,432.71,10,1557.76,1117.15,440.61,Cash
ORD00215,2025-02-18,CUST0130,Furniture,Bookshelf,West,1,135.94,5,129.14,76.65,52.49,Net Banking
ORD00266,2025-02-18,CUST0074,Sports,Yoga Mat,Central,3,37.61,5,107.19,81.06,26.13,Cash
ORD00210,2025-02-18,CUST0108,Electronics,Headphones,South,4,78.78,0,315.12,182.96,132.16,Credit Card
ORD00368,2025-02-18,CUST0175,Furniture,Bookshelf,West,4,144.88,5,550.54,348.86,201.68,Cash
ORD00695,2025-02-18,CUST0232,Electronics,Laptop,East,4,638.4,10,2298.24,1662.21,636.03,UPI
ORD01339,2025-02-18,CUST0210,Sports,Dumbbells,West,4,61.07,5,232.07,169.57,62.5,Debit Card
ORD00764,2025-02-18,CUST0101,Electronics,Keyboard,South,1,45.63,15,38.79,32.69,6.1,Cash
ORD01136,2025-02-18,CUST0277,Accessories,Watch,South,4,131.03,20,419.3,325.74,93.56,Cash
ORD00003,2025-02-18,CUST0059,Electronics,Keyboard,South,1,45.22,5,42.96,28.78,14.18,Cash
ORD00659,2025-02-18,CUST0140,Electronics,Monitor,South,5,224.98,5,1068.65,799.94,268.71,Cash
ORD00784,2025-02-19,CUST0166,Sports,Yoga Mat,South,1,33.54,0,33.54,24.28,9.26,Debit Card
ORD00073,2025-02-20,CUST0173,Sports,Yoga Mat,Central,3,34.65,5,98.75,59.86,38.89,Cash
ORD00673,2025-02-20,CUST0242,Furniture,Office Chair,East,4,163.47,15,555.8,366.13,189.67,Debit Card
ORD00469,2025-02-21,CUST0271,Sports,Yoga Mat,Central,2,31.89,5,60.59,47.1,13.49,Cash
ORD01346,2025-02-21,CUST0216,Electronics,Monitor,West,5,208.57,15,886.42,632.01,254.41,Net Banking
ORD01498,2025-02-22,CUST0081,Sports,Dumbbells,South,1,61.23,10,55.11,39.25,15.86,Credit Card
ORD00345,2025-02-22,CUST0275,Furniture,Desk,North,1,235.96,10,212.36,131.37,80.99,Credit Card
ORD00346,2025-02-23,CUST0052,Furniture,Office Chair,West,1,193.21,10,173.89,123.81,50.08,Debit Card
ORD01095,2025-02-23,CUST0197,Electronics,Laptop,East,2,588.18,10,1058.72,743.87,314.85,Net Banking
ORD00388,2025-02-23,CUST0138,Electronics,Keyboard,Central,5,40.5,10,182.25,128.25,54.0,Net Banking
ORD01163,2025-02-23,CUST0067,Electronics,Smartphone,West,4,427.63,0,1710.52,1000.17,710.35,Credit Card
ORD00117,2025-02-24,CUST0288,Sports,Yoga Mat,South,2,35.19,15,59.82,49.98,9.84,Net Banking
ORD01211,2025-02-24,CUST0209,Electronics,Laptop,North,5,661.05,10,2974.72,2273.52,701.2,Cash
ORD00776,2025-02-24,CUST0003,Sports,Running Shoes,South,2,82.27,10,148.09,102.39,45.7,Credit Card
ORD00994,2025-02-24,CUST0161,Sports,Dumbbells,Central,4,58.6,5,222.68,168.14,54.54,Net Banking
ORD00655,2025-02-24,CUST0154,Electronics,Laptop,East,4,629.44,15,2140.1,1603.16,536.94,Cash
ORD00130,2025-02-24,CUST0111,Electronics,Monitor,Central,1,224.86,10,202.37,166.37,36.0,Credit Card
ORD01123,2025-02-25,CUST0015,Furniture,Desk,North,1,247.08,10,222.37,182.59,39.78,Debit Card
ORD00230,2025-02-25,CUST0083,Sports,Yoga Mat,North,1,38.46,0,38.46,21.6,16.86,UPI
ORD00470,2025-02-25,CUST0110,Electronics,Headphones,Central,5,87.48,10,393.66,279.04,114.62,Cash
ORD01231,2025-02-25,CUST0105,Furniture,Bookshelf,West,5,132.3,10,595.35,373.96,221.39,Cash
ORD00689,2025-02-25,CUST0105,Sports,Yoga Mat,Central,3,33.43,15,85.25,61.82,23.43,UPI
ORD01029,2025-02-25,CUST0223,Sports,Dumbbells,East,3,54.94,10,148.34,110.55,37.79,Debit Card
ORD00405,2025-02-26,CUST0218,Furniture,Bookshelf,Central,4,133.74,5,508.21,340.45,167.76,Debit Card
ORD00552,2025-02-27,CUST0111,Accessories,Watch,North,2,129.39,0,258.78,166.33,92.45,Credit Card
ORD01165,2025-02-28,CUST0054,Electronics,Keyboard,West,5,45.34,5,215.36,165.84,49.52,Net Banking
ORD01296,2025-02-28,CUST0140,Accessories,Sunglasses,North,1,71.96,0,71.96,53.1,18.86,Debit Card
ORD00310,2025-02-28,CUST0183,Sports,Running Shoes,North,5,95.73,5,454.72,314.15,140.57,Net Banking
ORD00364,2025-02-28,CUST0132,Sports,Dumbbells,East,1,57.49,10,51.74,34.0,17.74,Net Banking
ORD00326,2025-02-28,CUST0126,Furniture,Desk,West,4,252.27,20,807.26,572.79,234.47,Credit Card
ORD00166,2025-03-01,CUST0145,Furniture,Bookshelf,Central,4,139.2,10,501.12,366.73,134.39,Net Banking
ORD01244,2025-03-01,CUST0066,Sports,Dumbbells,Central,3,62.51,10,168.78,105.02,63.76,Debit Card
ORD01396,2025-03-01,CUST0294,Electronics,Headphones,South,4,85.88,10,309.17,191.9,117.27,Cash
ORD01275,2025-03-02,CUST0051,Sports,Running Shoes,West,4,84.08,10,302.69,187.93,114.76,Debit Card
ORD00637,2025-03-02,CUST0054,Electronics,Headphones,South,1,85.75,5,81.46,50.06,31.4,Cash
ORD00457,2025-03-02,CUST0153,Electronics,Monitor,West,5,230.25,10,1036.12,788.87,247.25,UPI
ORD00885,2025-03-02,CUST0149,Electronics,Laptop,West,2,690.09,5,1311.17,866.22,444.95,Cash
ORD00016,2025-03-03,CUST0134,Furniture,Desk,West,3,269.02,10,726.35,544.66,181.69,Cash
ORD00054,2025-03-03,CUST0084,Electronics,Laptop,North,5,615.97,10,2771.86,1926.59,845.27,Net Banking
ORD01041,2025-03-03,CUST0206,Electronics,Monitor,North,5,218.05,0,1090.25,731.71,358.54,UPI
ORD00773,2025-03-03,CUST0003,Accessories,Backpack,West,5,48.78,15,207.32,138.46,68.86,Credit Card
ORD00692,2025-03-04,CUST0121,Electronics,Headphones,South,1,74.89,15,63.66,55.38,8.28,Credit Card
ORD01301,2025-03-04,CUST0164,Accessories,Sunglasses,North,4,75.96,10,273.46,206.33,67.13,Credit Card
ORD01140,2025-03-04,CUST0290,Electronics,Smartphone,North,3,414.53,5,1181.41,688.61,492.8,Credit Card
ORD00739,2025-03-05,CUST0029,Furniture,Office Chair,West,5,177.72,0,888.6,571.19,317.41,UPI
ORD00410,2025-03-06,CUST0083,Electronics,Laptop,South,1,617.44,10,555.7,339.84,215.86,Credit Card
ORD00761,2025-03-06,CUST0128,Accessories,Sunglasses,East,4,64.47,0,257.88,163.65,94.23,UPI
ORD00968,2025-03-06,CUST0239,Sports,Yoga Mat,North,2,34.52,10,62.14,48.52,13.62,Credit Card
ORD00279,2025-03-07,CUST0248,Accessories,Backpack,East,3,50.6,15,129.03,106.28,22.75,Cash
ORD00216,2025-03-08,CUST0300,Accessories,Backpack,Central,3,47.71,10,128.82,95.69,33.13,Debit Card
ORD00987,2025-03-08,CUST0113,Accessories,Backpack,West,1,49.85,15,42.37,32.84,9.53,Debit Card
ORD01470,2025-03-09,CUST0206,Electronics,Headphones,West,4,72.18,10,259.85,162.24,97.61,Credit Card
ORD01320,2025-03-09,CUST0182,Accessories,Watch,South,4,110.19,0,440.76,280.09,160.67,Cash
ORD00686,2025-03-09,CUST0104,Furniture,Desk,Central,5,235.18,0,1175.9,827.61,348.29,Debit Card
ORD01273,2025-03-09,CUST0278,Accessories,Watch,Central,2,109.64,5,208.32,143.0,65.32,Debit Card
ORD00767,2025-03-10,CUST0137,Electronics,Keyboard,North,1,44.54,0,44.54,32.87,11.67,Credit Card
ORD00603,2025-03-10,CUST0247,Sports,Yoga Mat,Central,4,33.83,5,128.55,89.51,39.04,Cash
ORD00045,2025-03-10,CUST0047,Sports,Yoga Mat,North,3,31.6,10,85.32,54.34,30.98,Cash
ORD00801,2025-03-10,CUST0104,Furniture,Office Chair,North,5,166.3,0,831.5,560.81,270.69,Debit Card
ORD01234,2025-03-10,CUST0230,Accessories,Watch,East,2,118.68,10,213.62,162.28,51.34,Cash
ORD01094,2025-03-10,CUST0086,Accessories,Watch,South,5,118.63,0,593.15,356.28,236.87,UPI
ORD01213,2025-03-10,CUST0021,Accessories,Watch,East,3,117.72,10,317.84,208.25,109.59,Credit Card
ORD00240,2025-03-10,CUST0087,Furniture,Office Chair,Central,1,164.4,10,147.96,107.47,40.49,Net Banking
ORD01240,2025-03-11,CUST0110,Sports,Running Shoes,East,5,92.39,5,438.85,344.25,94.6,Cash
ORD00608,2025-03-11,CUST0195,Electronics,Smartphone,South,1,456.76,10,411.08,270.11,140.97,UPI
ORD00271,2025-03-11,CUST0127,Sports,Dumbbells,South,1,57.78,5,54.89,40.7,14.19,UPI
ORD00619,2025-03-11,CUST0027,Furniture,Desk,South,2,269.32,5,511.71,301.34,210.37,Cash
ORD00628,2025-03-11,CUST0290,Sports,Dumbbells,South,1,55.33,10,49.8,30.83,18.97,Debit Card
ORD00499,2025-03-11,CUST0113,Sports,Yoga Mat,East,4,35.93,10,129.35,95.82,33.53,Cash
ORD00256,2025-03-11,CUST0211,Electronics,Keyboard,Central,1,47.31,10,42.58,33.99,8.59,Debit Card
ORD00372,2025-03-11,CUST0169,Electronics,Laptop,West,3,695.99,10,1879.17,1249.43,629.74,UPI
ORD00514,2025-03-12,CUST0103,Electronics,Headphones,South,3,77.01,5,219.48,165.72,53.76,Net Banking
ORD01308,2025-03-12,CUST0046,Electronics,Smartphone,Central,4,492.56,10,1773.22,1105.59,667.63,Debit Card
ORD01343,2025-03-12,CUST0210,Accessories,Sunglasses,North,2,71.41,15,121.4,98.03,23.37,Cash
ORD00931,2025-03-12,CUST0083,Furniture,Desk,North,1,234.34,0,234.34,167.85,66.49,Net Banking
ORD00883,2025-03-12,CUST0082,Electronics,Monitor,West,4,228.17,15,775.78,658.77,117.01,Credit Card
ORD01421,2025-03-12,CUST0137,Accessories,Watch,Central,4,120.59,10,434.12,359.93,74.19,Debit Card
ORD00258,2025-03-12,CUST0004,Sports,Yoga Mat,Central,4,34.21,0,136.84,86.27,50.57,UPI
ORD00074,2025-03-13,CUST0039,Accessories,Sunglasses,South,1,71.65,10,64.49,44.54,19.95,Debit Card
ORD01258,2025-03-13,CUST0230,Electronics,Monitor,East,5,213.85,10,962.32,687.54,274.78,Net Banking
ORD01235,2025-03-13,CUST0248,Electronics,Monitor,Central,1,219.78,5,208.79,158.09,50.7,Debit Card
ORD01078,2025-03-14,CUST0112,Sports,Yoga Mat,South,1,33.82,5,32.13,23.61,8.52,Net Banking
ORD00750,2025-03-14,CUST0249,Furniture,Office Chair,East,4,169.3,0,677.2,507.67,169.53,Net Banking
ORD00144,2025-03-14,CUST0140,Electronics,Monitor,East,2,199.85,5,379.72,221.26,158.46,Debit Card
ORD00502,2025-03-14,CUST0059,Electronics,Keyboard,South,5,49.33,0,246.65,146.25,100.4,Credit Card
ORD01155,2025-03-15,CUST0090,Accessories,Backpack,East,2,47.64,10,85.75,52.63,33.12,Cash
ORD00158,2025-03-15,CUST0233,Furniture,Bookshelf,South,5,129.0,10,580.5,452.92,127.58,Cash
ORD01192,2025-03-15,CUST0011,Furniture,Desk,West,4,262.99,5,999.36,741.35,258.01,Cash
ORD00995,2025-03-15,CUST0041,Furniture,Office Chair,Central,1,187.16,10,168.44,134.9,33.54,UPI
ORD01420,2025-03-15,CUST0010,Electronics,Monitor,East,2,208.17,10,374.71,271.37,103.34,Debit Card
ORD00720,2025-03-15,CUST0108,Accessories,Backpack,South,2,52.64,0,105.28,68.73,36.55,Credit Card
ORD00532,2025-03-16,CUST0165,Sports,Running Shoes,South,4,81.82,0,327.28,222.97,104.31,Cash
ORD01292,2025-03-16,CUST0003,Furniture,Bookshelf,West,1,129.66,10,116.69,83.18,33.51,Net Banking
ORD01266,2025-03-16,CUST0078,Accessories,Sunglasses,North,4,74.83,5,284.35,189.67,94.68,UPI
ORD00290,2025-03-16,CUST0279,Electronics,Headphones,North,4,83.83,15,285.02,197.25,87.77,Net Banking
ORD00126,2025-03-17,CUST0087,Electronics,Monitor,Central,1,222.38,5,211.26,151.28,59.98,Debit Card
ORD00396,2025-03-17,CUST0175,Accessories,Watch,Central,4,128.56,20,411.39,354.95,56.44,Credit Card
ORD00714,2025-03-17,CUST0148,Accessories,Backpack,North,4,50.76,10,182.74,125.56,57.18,Net Banking
ORD00055,2025-03-17,CUST0265,Sports,Dumbbells,West,3,54.13,5,154.27,118.72,35.55,Cash
ORD00303,2025-03-17,CUST0174,Furniture,Bookshelf,North,1,145.44,0,145.44,82.38,63.06,UPI
ORD00681,2025-03-17,CUST0108,Accessories,Watch,West,3,121.42,15,309.62,237.84,71.78,Debit Card
ORD00519,2025-03-17,CUST0087,Furniture,Office Chair,North,3,190.09,5,541.76,427.43,114.33,Debit Card
ORD01025,2025-03-18,CUST0206,Electronics,Headphones,West,4,72.25,5,274.55,164.27,110.28,Debit Card
ORD00867,2025-03-18,CUST0229,Electronics,Laptop,South,5,693.58,0,3467.9,2160.76,1307.14,Credit Card
ORD01313,2025-03-18,CUST0221,Accessories,Sunglasses,North,2,73.48,15,124.92,104.17,20.75,Debit Card
ORD00173,2025-03-18,CUST0116,Furniture,Bookshelf,South,2,140.5,5,266.95,159.49,107.46,Debit Card
ORD01354,2025-03-18,CUST0062,Furniture,Desk,Central,1,230.93,5,219.38,153.36,66.02,Net Banking
ORD00115,2025-03-19,CUST0175,Accessories,Watch,South,5,121.56,5,577.41,342.28,235.13,Debit Card
ORD00951,2025-03-19,CUST0147,Electronics,Laptop,East,4,700.73,20,2242.34,1693.16,549.18,Cash
ORD01439,2025-03-19,CUST0056,Sports,Running Shoes,South,1,95.7,5,90.92,56.39,34.53,Debit Card
ORD00563,2025-03-20,CUST0110,Electronics,Laptop,North,3,631.11,5,1798.66,1193.06,605.6,UPI
ORD00852,2025-03-20,CUST0073,Accessories,Watch,South,1,113.0,10,101.7,66.79,34.91,Cash
ORD01304,2025-03-20,CUST0096,Furniture,Desk,Central,4,250.09,0,1000.36,605.16,395.2,Debit Card
ORD01460,2025-03-20,CUST0057,Electronics,Laptop,North,4,589.42,10,2121.91,1693.97,427.94,UPI
ORD01202,2025-03-22,CUST0245,Furniture,Desk,South,3,240.75,0,722.25,480.38,241.87,UPI
ORD01307,2025-03-22,CUST0128,Accessories,Sunglasses,East,4,72.53,15,246.6,205.4,41.2,Credit Card
ORD00123,2025-03-22,CUST0202,Electronics,Keyboard,East,4,49.27,5,187.23,139.13,48.1,Credit Card
ORD00152,2025-03-22,CUST0114,Electronics,Smartphone,Central,5,466.49,5,2215.83,1318.36,897.47,Net Banking
ORD01238,2025-03-23,CUST0219,Sports,Dumbbells,North,4,64.62,5,245.56,174.02,71.54,UPI
ORD00137,2025-03-23,CUST0223,Furniture,Desk,West,1,230.76,0,230.76,146.38,84.38,UPI
ORD00440,2025-03-23,CUST0045,Furniture,Bookshelf,West,4,141.28,15,480.35,421.77,58.58,Net Banking
ORD00406,2025-03-23,CUST0219,Electronics,Laptop,North,2,599.73,20,959.57,756.52,203.05,Cash
ORD01115,2025-03-24,CUST0228,Accessories,Backpack,East,3,52.67,20,126.41,117.55,8.86,Credit Card
ORD01440,2025-03-24,CUST0109,Electronics,Smartphone,West,1,471.99,20,377.59,329.41,48.18,UPI
ORD00342,2025-03-24,CUST0123,Accessories,Sunglasses,South,4,72.77,10,261.97,160.45,101.52,Credit Card
ORD01357,2025-03-24,CUST0253,Furniture,Bookshelf,South,3,138.65,10,374.36,309.36,65.0,Credit Card
ORD00690,2025-03-24,CUST0182,Sports,Yoga Mat,East,3,36.67,10,99.01,61.91,37.1,Debit Card
ORD00633,2025-03-24,CUST0185,Furniture,Office Chair,West,1,166.93,20,133.54,109.76,23.78,UPI
ORD01134,2025-03-25,CUST0034,Sports,Running Shoes,West,2,83.45,5,158.56,121.42,37.14,Credit Card
ORD00113,2025-03-25,CUST0177,Sports,Dumbbells,West,2,61.96,0,123.92,72.57,51.35,Cash
ORD00369,2025-03-25,CUST0248,Sports,Running Shoes,North,1,93.42,10,84.08,68.77,15.31,Debit Card
ORD01225,2025-03-25,CUST0156,Sports,Dumbbells,East,4,55.44,5,210.67,126.34,84.33,Debit Card
ORD01315,2025-03-25,CUST0056,Sports,Running Shoes,North,3,81.0,15,206.55,141.84,64.71,UPI
ORD00923,2025-03-25,CUST0143,Accessories,Sunglasses,North,5,75.14,15,319.34,257.2,62.14,Credit Card
ORD01402,2025-03-25,CUST0031,Electronics,Keyboard,North,3,48.62,20,116.69,83.94,32.75,Cash
ORD00661,2025-03-25,CUST0276,Furniture,Desk,East,5,266.95,10,1201.28,881.11,320.17,UPI
ORD00164,2025-03-25,CUST0262,Furniture,Bookshelf,East,4,151.47,10,545.29,437.13,108.16,Credit Card
ORD00591,2025-03-26,CUST0282,Accessories,Backpack,Central,5,46.59,0,232.95,172.35,60.6,Credit Card
ORD00555,2025-03-27,CUST0052,Furniture,Office Chair,Central,3,168.72,10,455.54,280.99,174.55,Net Banking
ORD00571,2025-03-27,CUST0019,Furniture,Desk,Central,2,261.1,0,522.2,291.42,230.78,Debit Card
ORD00300,2025-03-27,CUST0120,Sports,Dumbbells,Central,4,64.53,15,219.4,159.02,60.38,Credit Card
ORD00849,2025-03-27,CUST0052,Electronics,Headphones,East,3,76.26,20,183.02,163.95,19.07,Credit Card
ORD00376,2025-03-27,CUST0044,Furniture,Desk,North,1,253.25,0,253.25,178.37,74.88,Net Banking
ORD00193,2025-03-27,CUST0175,Electronics,Keyboard,South,1,41.91,10,37.72,25.02,12.7,Credit Card
ORD01156,2025-03-27,CUST0102,Furniture,Bookshelf,North,4,138.87,5,527.71,344.38,183.33,Credit Card
ORD00819,2025-03-27,CUST0149,Furniture,Desk,West,1,261.17,10,235.05,150.75,84.3,Cash
ORD00394,2025-03-29,CUST0194,Electronics,Keyboard,East,1,45.08,10,40.57,28.12,12.45,Credit Card
ORD00593,2025-03-29,CUST0168,Electronics,Smartphone,East,1,422.89,10,380.6,259.23,121.37,Debit Card
ORD00974,2025-03-30,CUST0061,Furniture,Office Chair,East,2,196.16,5,372.7,235.08,137.62,UPI
ORD01105,2025-03-30,CUST0058,Sports,Yoga Mat,West,2,38.01,15,64.62,47.61,17.01,UPI
ORD00135,2025-03-30,CUST0268,Electronics,Laptop,East,5,695.4,10,3129.3,2085.97,1043.33,Debit Card
ORD00280,2025-03-30,CUST0178,Electronics,Laptop,East,2,598.71,5,1137.55,815.87,321.68,UPI
ORD00373,2025-03-30,CUST0274,Accessories,Backpack,East,3,50.7,20,121.68,91.55,30.13,Debit Card
ORD00503,2025-03-31,CUST0205,Furniture,Bookshelf,East,4,150.18,10,540.65,357.2,183.45,Net Banking
ORD01486,2025-04-01,CUST0177,Furniture,Bookshelf,North,3,143.82,0,431.46,271.29,160.17,Net Banking
ORD00381,2025-04-01,CUST0082,Accessories,Sunglasses,West,1,66.51,10,59.86,44.08,15.78,Credit Card
ORD01414,2025-04-02,CUST0084,Sports,Dumbbells,West,5,56.67,0,283.35,198.26,85.09,Credit Card
ORD00869,2025-04-02,CUST0286,Electronics,Headphones,North,4,84.88,0,339.52,252.42,87.1,Credit Card
ORD00926,2025-04-02,CUST0279,Electronics,Headphones,North,1,86.93,20,69.54,62.95,6.59,Net Banking
ORD01114,2025-04-02,CUST0192,Furniture,Desk,Central,4,253.12,15,860.61,692.7,167.91,Credit Card
ORD00172,2025-04-02,CUST0148,Accessories,Backpack,North,1,45.18,10,40.66,29.21,11.45,Debit Card
ORD00806,2025-04-03,CUST0276,Sports,Running Shoes,East,5,90.24,15,383.52,333.91,49.61,Net Banking
ORD00437,2025-04-03,CUST0086,Accessories,Backpack,North,1,51.97,10,46.77,36.41,10.36,UPI
ORD00307,2025-04-03,CUST0109,Accessories,Backpack,North,2,47.39,15,80.56,61.03,19.53,UPI
ORD01087,2025-04-03,CUST0268,Furniture,Bookshelf,North,1,134.25,15,114.11,73.89,40.22,Credit Card
ORD01106,2025-04-04,CUST0152,Electronics,Monitor,West,1,207.07,10,186.36,132.16,54.2,Net Banking
ORD01371,2025-04-04,CUST0297,Electronics,Smartphone,North,4,482.29,5,1832.7,1109.86,722.84,Debit Card
ORD00463,2025-04-04,CUST0013,Furniture,Bookshelf,Central,4,141.01,20,451.23,365.33,85.9,Debit Card
ORD00884,2025-04-04,CUST0298,Furniture,Bookshelf,Central,2,137.7,5,261.63,165.31,96.32,UPI
ORD00096,2025-04-05,CUST0069,Sports,Running Shoes,West,3,91.91,5,261.94,195.45,66.49,Cash
ORD00550,2025-04-05,CUST0278,Electronics,Monitor,South,3,222.34,15,566.97,475.22,91.75,Net Banking
ORD01011,2025-04-05,CUST0033,Sports,Running Shoes,South,2,93.02,5,176.74,108.9,67.84,Net Banking
ORD00704,2025-04-05,CUST0262,Accessories,Sunglasses,North,5,76.81,10,345.65,230.5,115.15,Credit Card
ORD01028,2025-04-05,CUST0245,Accessories,Backpack,Central,4,48.85,20,156.32,120.82,35.5,Debit Card
ORD00618,2025-04-05,CUST0273,Accessories,Sunglasses,West,3,72.39,15,184.59,149.72,34.87,Cash
ORD01074,2025-04-05,CUST0074,Electronics,Smartphone,West,4,445.31,15,1514.05,1168.66,345.39,Net Banking
ORD00170,2025-04-05,CUST0166,Electronics,Laptop,East,5,636.02,0,3180.1,2054.31,1125.79,Net Banking
ORD00451,2025-04-06,CUST0163,Furniture,Bookshelf,Central,1,133.39,5,126.72,84.44,42.28,Cash
ORD01384,2025-04-06,CUST0262,Sports,Dumbbells,South,4,62.32,5,236.82,174.97,61.85,UPI
ORD00053,2025-04-06,CUST0152,Sports,Running Shoes,Central,3,88.43,20,212.23,165.65,46.58,Cash
ORD00119,2025-04-06,CUST0088,Electronics,Headphones,East,3,75.81,10,204.69,129.61,75.08,Cash
ORD01212,2025-04-07,CUST0171,Electronics,Keyboard,South,4,42.92,10,154.51,121.09,33.42,Debit Card
ORD01447,2025-04-07,CUST0230,Accessories,Backpack,East,5,46.07,5,218.83,169.22,49.61,UPI
ORD00402,2025-04-07,CUST0005,Accessories,Backpack,North,5,48.53,5,230.52,163.61,66.91,Cash
ORD00747,2025-04-07,CUST0117,Accessories,Sunglasses,Central,3,76.13,0,228.39,141.69,86.7,UPI
ORD00071,2025-04-08,CUST0105,Electronics,Keyboard,East,2,49.23,5,93.54,70.74,22.8,Credit Card
ORD00735,2025-04-08,CUST0156,Accessories,Backpack,South,2,46.03,5,87.46,61.4,26.06,Net Banking
ORD00127,2025-04-08,CUST0268,Furniture,Office Chair,Central,5,171.59,5,815.05,597.51,217.54,Credit Card
ORD00275,2025-04-08,CUST0198,Accessories,Backpack,South,2,52.92,10,95.26,69.83,25.43,Credit Card
ORD01016,2025-04-08,CUST0183,Accessories,Watch,Central,3,118.8,0,356.4,219.73,136.67,Net Banking
ORD01148,2025-04-08,CUST0120,Furniture,Bookshelf,Central,5,141.31,5,671.22,466.82,204.4,Credit Card
ORD00319,2025-04-09,CUST0073,Furniture,Desk,Central,1,244.37,0,244.37,176.04,68.33,Debit Card
ORD01365,2025-04-09,CUST0247,Furniture,Office Chair,West,3,186.38,5,531.18,361.66,169.52,Credit Card
ORD00162,2025-04-09,CUST0039,Sports,Yoga Mat,Central,2,34.78,0,69.56,51.4,18.16,Net Banking
ORD00904,2025-04-09,CUST0123,Electronics,Laptop,North,1,660.37,0,660.37,446.13,214.24,Credit Card
ORD00956,2025-04-09,CUST0027,Electronics,Headphones,North,2,80.03,5,152.06,107.4,44.66,Debit Card
ORD00380,2025-04-09,CUST0113,Furniture,Desk,East,1,229.54,10,206.59,127.74,78.85,Debit Card
ORD00990,2025-04-10,CUST0189,Electronics,Laptop,Central,3,696.91,10,1881.66,1152.18,729.48,Debit Card
ORD00815,2025-04-10,CUST0087,Accessories,Sunglasses,East,5,68.37,0,341.85,245.25,96.6,Cash
ORD00046,2025-04-10,CUST0289,Electronics,Keyboard,Central,4,47.37,0,189.48,134.79,54.69,Debit Card
ORD00356,2025-04-10,CUST0109,Electronics,Smartphone,Central,1,447.51,10,402.76,324.91,77.85,Net Banking
ORD00471,2025-04-11,CUST0282,Sports,Yoga Mat,West,4,36.22,5,137.64,81.5,56.14,Debit Card
ORD01154,2025-04-11,CUST0039,Furniture,Office Chair,South,2,173.36,10,312.05,196.72,115.33,Credit Card
ORD00651,2025-04-11,CUST0045,Furniture,Bookshelf,South,2,131.47,10,236.65,153.36,83.29,Credit Card
ORD00740,2025-04-12,CUST0046,Electronics,Laptop,South,2,613.99,0,1227.98,775.57,452.41,UPI
ORD00197,2025-04-12,CUST0132,Sports,Running Shoes,East,5,94.29,10,424.31,342.13,82.18,Debit Card
ORD00921,2025-04-12,CUST0106,Sports,Running Shoes,Central,4,93.57,10,336.85,253.62,83.23,Cash
ORD00868,2025-04-13,CUST0157,Accessories,Sunglasses,East,3,63.13,15,160.98,107.02,53.96,Debit Card
ORD00763,2025-04-13,CUST0047,Sports,Running Shoes,Central,2,93.19,10,167.74,127.96,39.78,Debit Card
ORD00715,2025-04-13,CUST0146,Electronics,Laptop,East,5,618.91,10,2785.1,1707.63,1077.47,Cash
ORD00758,2025-04-13,CUST0297,Electronics,Monitor,South,3,205.28,15,523.46,339.0,184.46,Debit Card
ORD00844,2025-04-13,CUST0007,Electronics,Monitor,East,5,224.24,20,896.96,775.81,121.15,Debit Card
ORD00001,2025-04-13,CUST0122,Furniture,Desk,East,4,261.6,20,837.12,700.81,136.31,UPI
ORD00040,2025-04-13,CUST0196,Electronics,Keyboard,Central,1,42.94,15,36.5,31.91,4.59,Cash
ORD00132,2025-04-14,CUST0042,Electronics,Keyboard,North,1,47.05,0,47.05,30.54,16.51,UPI
ORD01349,2025-04-14,CUST0294,Accessories,Watch,South,3,126.3,0,378.9,240.79,138.11,UPI
ORD00490,2025-04-14,CUST0156,Electronics,Headphones,East,3,77.32,5,220.36,141.21,79.15,Credit Card
ORD00051,2025-04-15,CUST0196,Sports,Yoga Mat,South,5,31.66,15,134.56,112.85,21.71,Net Banking
ORD00181,2025-04-15,CUST0250,Accessories,Backpack,Central,4,50.43,10,181.55,131.68,49.87,Debit Card
ORD00755,2025-04-15,CUST0259,Electronics,Laptop,East,1,589.29,5,559.83,436.54,123.29,Cash
ORD00492,2025-04-15,CUST0228,Electronics,Laptop,West,3,644.23,5,1836.06,1325.1,510.96,UPI
ORD00914,2025-04-15,CUST0193,Sports,Running Shoes,North,2,89.74,0,179.48,123.99,55.49,Debit Card
ORD00938,2025-04-15,CUST0147,Electronics,Laptop,North,1,643.18,0,643.18,460.44,182.74,Debit Card
ORD00644,2025-04-15,CUST0001,Furniture,Desk,Central,3,259.83,15,662.57,572.78,89.79,Cash
ORD00797,2025-04-15,CUST0027,Accessories,Backpack,East,4,46.43,0,185.72,102.67,83.05,Debit Card
ORD00474,2025-04-16,CUST0271,Sports,Running Shoes,Central,5,90.85,5,431.54,339.94,91.6,Credit Card
ORD00981,2025-04-16,CUST0072,Sports,Running Shoes,East,5,82.9,10,373.05,285.51,87.54,Debit Card
ORD00775,2025-04-16,CUST0300,Accessories,Backpack,South,2,48.06,5,91.31,62.15,29.16,UPI
ORD00833,2025-04-17,CUST0251,Sports,Running Shoes,West,2,90.02,15,153.03,134.36,18.67,Net Banking
ORD01276,2025-04-17,CUST0027,Furniture,Desk,North,2,248.38,15,422.25,313.38,108.87,Debit Card
ORD01261,2025-04-17,CUST0295,Furniture,Office Chair,Central,4,178.71,10,643.36,463.98,179.38,Net Banking
ORD01358,2025-04-17,CUST0036,Sports,Running Shoes,East,3,85.93,5,244.9,167.87,77.03,Credit Card
ORD00984,2025-04-17,CUST0275,Accessories,Sunglasses,North,5,71.25,0,356.25,235.84,120.41,UPI
ORD00270,2025-04-17,CUST0084,Sports,Running Shoes,South,5,83.81,5,398.1,301.97,96.13,Debit Card
ORD01368,2025-04-18,CUST0245,Electronics,Keyboard,North,1,48.96,5,46.51,31.11,15.4,Net Banking
ORD00516,2025-04-18,CUST0004,Accessories,Sunglasses,Central,5,63.11,10,284.0,233.08,50.92,Debit Card
ORD00138,2025-04-18,CUST0188,Electronics,Smartphone,Central,3,408.33,15,1041.24,819.83,221.41,Debit Card
ORD00140,2025-04-18,CUST0227,Accessories,Watch,South,1,120.48,10,108.43,76.55,31.88,Debit Card
ORD01149,2025-04-18,CUST0044,Accessories,Backpack,South,2,46.97,5,89.24,59.42,29.82,Debit Card
ORD01139,2025-04-18,CUST0212,Electronics,Smartphone,West,3,429.12,20,1029.89,792.71,237.18,Debit Card
ORD01375,2025-04-18,CUST0299,Electronics,Keyboard,East,4,45.49,20,145.57,106.73,38.84,Debit Card
ORD00959,2025-04-19,CUST0296,Electronics,Monitor,North,2,237.71,15,404.11,344.41,59.7,Cash
ORD00934,2025-04-19,CUST0207,Electronics,Laptop,East,2,688.05,20,1100.88,923.03,177.85,Cash
ORD01299,2025-04-19,CUST0050,Accessories,Backpack,West,3,54.06,0,162.18,90.54,71.64,Credit Card
ORD00996,2025-04-19,CUST0225,Sports,Dumbbells,South,2,62.71,0,125.42,71.01,54.41,Credit Card
ORD00384,2025-04-19,CUST0188,Furniture,Bookshelf,South,3,135.14,5,385.15,291.06,94.09,Net Banking
ORD00385,2025-04-19,CUST0221,Electronics,Keyboard,North,4,48.5,15,164.9,127.83,37.07,UPI
ORD01046,2025-04-20,CUST0221,Furniture,Bookshelf,South,3,135.21,10,365.07,272.65,92.42,Cash
ORD00544,2025-04-20,CUST0146,Accessories,Backpack,South,5,50.64,10,227.88,164.59,63.29,Debit Card
ORD00635,2025-04-20,CUST0278,Furniture,Desk,East,2,241.02,5,457.94,280.96,176.98,UPI
ORD01291,2025-04-20,CUST0197,Accessories,Sunglasses,South,5,73.0,5,346.75,254.47,92.28,Cash
ORD00902,2025-04-20,CUST0033,Electronics,Monitor,South,4,236.49,10,851.36,697.88,153.48,Net Banking
ORD01228,2025-04-21,CUST0124,Accessories,Sunglasses,Central,1,68.63,15,58.34,47.59,10.75,UPI
ORD00088,2025-04-21,CUST0264,Sports,Running Shoes,North,5,91.52,5,434.72,319.11,115.61,Cash
ORD01146,2025-04-21,CUST0234,Accessories,Watch,Central,1,114.8,15,97.58,78.91,18.67,Credit Card
ORD00393,2025-04-21,CUST0153,Sports,Dumbbells,East,2,58.34,5,110.85,86.32,24.53,Net Banking
ORD00106,2025-04-21,CUST0104,Accessories,Sunglasses,West,3,71.21,0,213.63,139.11,74.52,UPI
ORD01239,2025-04-22,CUST0043,Furniture,Desk,East,2,265.48,5,504.41,365.9,138.51,Net Banking
ORD00462,2025-04-22,CUST0059,Furniture,Office Chair,East,2,192.15,10,345.87,224.41,121.46,Cash
ORD00517,2025-04-22,CUST0106,Electronics,Smartphone,East,2,432.76,10,778.97,575.23,203.74,UPI
ORD00093,2025-04-23,CUST0140,Furniture,Office Chair,North,2,177.32,5,336.91,231.06,105.85,Debit Card
ORD00020,2025-04-23,CUST0101,Electronics,Laptop,North,1,617.09,5,586.24,425.34,160.9,Credit Card
ORD01466,2025-04-23,CUST0288,Electronics,Smartphone,Central,1,432.07,0,432.07,257.04,175.03,Cash
ORD00858,2025-04-23,CUST0044,Furniture,Office Chair,West,1,170.29,10,153.26,117.0,36.26,Credit Card
ORD00337,2025-04-24,CUST0022,Electronics,Keyboard,Central,5,42.49,20,169.96,148.04,21.92,UPI
ORD00768,2025-04-24,CUST0143,Electronics,Monitor,South,4,209.94,15,713.8,462.49,251.31,Net Banking
ORD00779,2025-04-25,CUST0276,Accessories,Watch,North,4,129.17,10,465.01,383.28,81.73,UPI
ORD01490,2025-04-25,CUST0008,Electronics,Laptop,North,1,701.45,5,666.38,424.33,242.05,UPI
ORD00978,2025-04-25,CUST0283,Sports,Dumbbells,Central,3,59.65,5,170.0,123.71,46.29,Credit Card
ORD01219,2025-04-25,CUST0013,Sports,Running Shoes,Central,2,93.64,10,168.55,130.01,38.54,Credit Card
ORD01162,2025-04-25,CUST0067,Accessories,Backpack,North,3,49.32,5,140.56,82.97,57.59,UPI
ORD00034,2025-04-26,CUST0191,Electronics,Keyboard,Central,5,49.2,5,233.7,182.71,50.99,Net Banking
ORD00531,2025-04-26,CUST0239,Electronics,Monitor,North,4,202.89,0,811.56,551.55,260.01,Cash
ORD01288,2025-04-26,CUST0052,Electronics,Headphones,East,3,75.31,5,214.63,133.28,81.35,UPI
ORD00853,2025-04-26,CUST0163,Sports,Running Shoes,South,2,85.85,10,154.53,124.91,29.62,Credit Card
ORD01264,2025-04-26,CUST0269,Accessories,Watch,West,3,123.42,5,351.75,224.09,127.66,UPI
ORD01174,2025-04-26,CUST0141,Accessories,Watch,South,5,130.08,10,585.36,364.11,221.25,Cash
ORD00573,2025-04-27,CUST0271,Furniture,Office Chair,South,5,170.16,0,850.8,564.4,286.4,Cash
ORD00063,2025-04-27,CUST0134,Accessories,Backpack,South,1,47.86,5,45.47,34.64,10.83,Cash
ORD01434,2025-04-27,CUST0275,Furniture,Office Chair,Central,1,195.29,0,195.29,140.68,54.61,UPI
ORD00042,2025-04-27,CUST0279,Furniture,Bookshelf,North,3,128.2,5,365.37,213.48,151.89,Cash
ORD00595,2025-04-27,CUST0092,Sports,Yoga Mat,North,5,32.43,5,154.04,97.66,56.38,Cash
ORD01167,2025-04-27,CUST0106,Sports,Yoga Mat,East,5,35.47,10,159.62,114.28,45.34,Net Banking
ORD00236,2025-04-27,CUST0282,Electronics,Laptop,West,4,649.91,10,2339.68,1568.11,771.57,Debit Card
ORD00648,2025-04-27,CUST0166,Furniture,Office Chair,North,2,164.01,5,311.62,220.42,91.2,Net Banking
ORD00316,2025-04-28,CUST0201,Electronics,Smartphone,North,3,405.91,10,1095.96,824.67,271.29,Cash
ORD00358,2025-04-28,CUST0054,Electronics,Monitor,South,5,214.18,5,1017.36,601.44,415.92,Net Banking
ORD00872,2025-04-28,CUST0089,Electronics,Smartphone,South,5,478.69,0,2393.45,1372.26,1021.19,Cash
ORD00086,2025-04-29,CUST0028,Accessories,Watch,South,2,120.78,5,229.48,144.57,84.91,Credit Card
ORD00721,2025-04-29,CUST0162,Electronics,Monitor,South,1,224.72,10,202.25,127.58,74.67,Net Banking
ORD00478,2025-04-30,CUST0220,Furniture,Desk,Central,1,238.97,10,215.07,137.73,77.34,UPI
ORD00873,2025-04-30,CUST0220,Electronics,Laptop,East,4,711.72,10,2562.19,2035.86,526.33,Credit Card
ORD00668,2025-05-01,CUST0132,Accessories,Backpack,South,4,52.07,0,208.28,144.2,64.08,Net Banking
ORD01005,2025-05-01,CUST0173,Electronics,Smartphone,West,2,482.0,10,867.6,632.52,235.08,Debit Card
ORD00083,2025-05-01,CUST0214,Accessories,Sunglasses,East,2,63.55,10,114.39,90.23,24.16,Net Banking
ORD00511,2025-05-02,CUST0044,Electronics,Headphones,Central,1,75.7,10,68.13,51.95,16.18,Net Banking
ORD00128,2025-05-02,CUST0046,Electronics,Keyboard,South,2,44.27,15,75.26,55.48,19.78,Cash
ORD01369,2025-05-02,CUST0090,Furniture,Office Chair,South,5,196.4,5,932.9,545.72,387.18,Credit Card
ORD00248,2025-05-02,CUST0032,Electronics,Keyboard,North,4,48.48,0,193.92,131.7,62.22,Cash
ORD01450,2025-05-02,CUST0235,Sports,Dumbbells,East,1,63.91,15,54.32,39.65,14.67,Cash
ORD00623,2025-05-02,CUST0128,Electronics,Keyboard,North,5,42.26,10,190.17,150.88,39.29,UPI
ORD00546,2025-05-03,CUST0187,Electronics,Monitor,Central,4,211.02,15,717.47,464.43,253.04,Cash
ORD01411,2025-05-03,CUST0074,Electronics,Headphones,North,1,82.87,20,66.3,61.1,5.2,Cash
ORD00578,2025-05-03,CUST0266,Sports,Dumbbells,West,2,58.49,10,105.28,78.97,26.31,Net Banking
ORD01079,2025-05-03,CUST0218,Electronics,Keyboard,North,3,40.76,20,97.82,75.52,22.3,Net Banking
ORD01119,2025-05-03,CUST0186,Electronics,Headphones,West,5,82.09,5,389.93,300.27,89.66,UPI
ORD00663,2025-05-03,CUST0246,Accessories,Sunglasses,Central,5,64.67,15,274.85,199.04,75.81,UPI
ORD00955,2025-05-03,CUST0196,Electronics,Monitor,South,2,241.18,5,458.24,278.3,179.94,Credit Card
ORD00616,2025-05-03,CUST0298,Electronics,Laptop,Central,3,596.46,5,1699.91,1053.78,646.13,Credit Card
ORD00041,2025-05-04,CUST0106,Accessories,Sunglasses,East,3,73.17,10,197.56,163.57,33.99,Credit Card
ORD00247,2025-05-04,CUST0114,Furniture,Bookshelf,West,2,136.42,5,259.2,173.64,85.56,Cash
ORD00232,2025-05-04,CUST0231,Furniture,Desk,South,1,236.04,5,224.24,138.02,86.22,Net Banking
ORD00952,2025-05-05,CUST0073,Sports,Running Shoes,East,5,82.26,10,370.17,297.33,72.84,Net Banking
ORD00456,2025-05-05,CUST0138,Electronics,Monitor,East,3,239.29,0,717.87,454.39,263.48,Credit Card
ORD00669,2025-05-05,CUST0267,Electronics,Headphones,North,2,83.54,0,167.08,98.04,69.04,Cash
ORD00208,2025-05-05,CUST0170,Sports,Running Shoes,North,2,92.0,5,174.8,116.33,58.47,Debit Card
ORD01081,2025-05-05,CUST0234,Electronics,Monitor,Central,5,221.72,20,886.88,673.56,213.32,UPI
ORD01130,2025-05-05,CUST0051,Sports,Dumbbells,South,3,55.4,10,149.58,103.38,46.2,UPI
ORD00627,2025-05-05,CUST0082,Electronics,Smartphone,East,1,468.5,5,445.08,286.51,158.57,UPI
ORD01009,2025-05-05,CUST0123,Sports,Running Shoes,North,3,93.15,10,251.51,177.03,74.48,Credit Card
ORD00645,2025-05-06,CUST0209,Furniture,Office Chair,North,2,183.47,0,366.94,261.58,105.36,Debit Card
ORD00043,2025-05-06,CUST0118,Electronics,Keyboard,North,1,41.91,0,41.91,25.15,16.76,Net Banking
ORD00322,2025-05-06,CUST0294,Electronics,Keyboard,Central,1,41.89,5,39.8,23.25,16.55,Debit Card
ORD00590,2025-05-06,CUST0150,Electronics,Headphones,West,2,79.35,10,142.83,108.73,34.1,UPI
ORD00589,2025-05-06,CUST0177,Accessories,Backpack,Central,3,50.22,5,143.13,84.91,58.22,Debit Card
ORD00176,2025-05-07,CUST0297,Electronics,Monitor,West,4,232.49,10,836.96,600.92,236.04,Debit Card
ORD00414,2025-05-07,CUST0271,Electronics,Smartphone,West,3,413.34,5,1178.02,867.61,310.41,Net Banking
ORD01457,2025-05-07,CUST0191,Electronics,Headphones,East,3,74.21,10,200.37,148.77,51.6,Debit Card
ORD00292,2025-05-08,CUST0191,Furniture,Desk,East,1,274.59,10,247.13,155.02,92.11,Cash
ORD01448,2025-05-08,CUST0032,Electronics,Monitor,Central,5,211.06,0,1055.3,703.81,351.49,Debit Card
ORD00881,2025-05-08,CUST0287,Electronics,Laptop,Central,5,668.12,10,3006.54,2063.15,943.39,Credit Card
ORD00701,2025-05-08,CUST0179,Sports,Running Shoes,Central,5,89.1,0,445.5,267.72,177.78,Credit Card
ORD00423,2025-05-09,CUST0003,Furniture,Office Chair,South,5,163.02,5,774.34,482.54,291.8,Credit Card
ORD00379,2025-05-09,CUST0160,Electronics,Monitor,North,1,241.56,0,241.56,178.99,62.57,Net Banking
ORD00713,2025-05-09,CUST0288,Electronics,Smartphone,West,1,478.55,15,406.77,264.51,142.26,Credit Card
ORD00789,2025-05-09,CUST0091,Accessories,Backpack,West,5,47.89,20,191.56,154.67,36.89,Net Banking
ORD00267,2025-05-09,CUST0280,Furniture,Office Chair,North,2,188.21,0,376.42,244.41,132.01,Cash
ORD00774,2025-05-10,CUST0246,Electronics,Headphones,North,5,74.2,15,315.35,208.08,107.27,Cash
ORD00238,2025-05-10,CUST0060,Electronics,Laptop,Central,1,670.63,0,670.63,495.3,175.33,Credit Card
ORD00013,2025-05-11,CUST0257,Furniture,Bookshelf,Central,3,136.72,10,369.14,305.3,63.84,Debit Card
ORD01428,2025-05-11,CUST0009,Accessories,Watch,East,4,131.02,5,497.88,340.9,156.98,UPI
ORD01355,2025-05-11,CUST0173,Electronics,Keyboard,Central,4,41.32,10,148.75,113.35,35.4,Net Banking
ORD00949,2025-05-11,CUST0291,Sports,Running Shoes,North,5,93.04,10,418.68,267.61,151.07,Net Banking
ORD01373,2025-05-11,CUST0102,Electronics,Laptop,South,4,691.74,0,2766.96,1762.83,1004.13,Cash
ORD00566,2025-05-12,CUST0218,Electronics,Laptop,West,1,672.83,0,672.83,375.18,297.65,Credit Card
ORD01336,2025-05-12,CUST0243,Furniture,Desk,West,3,234.61,20,563.06,399.32,163.74,Debit Card
ORD00116,2025-05-12,CUST0264,Furniture,Office Chair,Central,4,179.89,5,683.58,505.9,177.68,UPI
ORD01481,2025-05-12,CUST0198,Furniture,Office Chair,West,1,192.04,10,172.84,119.13,53.71,Net Banking
ORD00497,2025-05-12,CUST0087,Sports,Yoga Mat,North,2,34.0,15,57.8,47.7,10.1,Credit Card
ORD00569,2025-05-12,CUST0030,Electronics,Keyboard,East,1,43.37,10,39.03,27.93,11.1,Debit Card
ORD00998,2025-05-12,CUST0121,Furniture,Bookshelf,Central,5,149.81,0,749.05,443.86,305.19,Debit Card
ORD00782,2025-05-13,CUST0022,Furniture,Bookshelf,Central,5,127.94,5,607.72,425.81,181.91,Cash
ORD00855,2025-05-13,CUST0279,Furniture,Bookshelf,North,1,147.69,10,132.92,97.83,35.09,Debit Card
ORD01185,2025-05-14,CUST0279,Sports,Running Shoes,West,1,91.7,0,91.7,61.32,30.38,UPI
ORD00224,2025-05-14,CUST0067,Furniture,Office Chair,West,2,186.27,10,335.29,244.57,90.72,Credit Card
ORD00976,2025-05-15,CUST0260,Accessories,Watch,East,3,116.46,10,314.44,208.51,105.93,Cash
ORD00363,2025-05-15,CUST0228,Sports,Running Shoes,East,4,86.4,0,345.6,234.76,110.84,Credit Card
ORD01302,2025-05-15,CUST0234,Accessories,Sunglasses,Central,4,67.27,5,255.63,171.09,84.54,Cash
ORD00533,2025-05-15,CUST0068,Accessories,Watch,East,4,131.82,0,527.28,306.48,220.8,Debit Card
ORD01097,2025-05-15,CUST0008,Electronics,Monitor,Central,1,202.55,20,162.04,118.72,43.32,UPI
ORD00030,2025-05-15,CUST0195,Electronics,Monitor,North,1,219.73,0,219.73,128.71,91.02,Credit Card
ORD00919,2025-05-16,CUST0004,Electronics,Keyboard,East,3,46.34,15,118.17,87.02,31.15,Cash
ORD00340,2025-05-16,CUST0188,Electronics,Monitor,North,1,201.04,10,180.94,110.8,70.14,Credit Card
ORD01218,2025-05-16,CUST0003,Electronics,Keyboard,North,4,42.59,0,170.36,120.89,49.47,Credit Card
ORD00836,2025-05-17,CUST0087,Accessories,Sunglasses,East,5,70.5,0,352.5,199.88,152.62,Debit Card
ORD01300,2025-05-17,CUST0032,Electronics,Monitor,Central,5,220.09,5,1045.43,609.65,435.78,Credit Card
ORD01495,2025-05-17,CUST0135,Furniture,Bookshelf,North,5,127.19,10,572.36,351.2,221.16,Credit Card
ORD01190,2025-05-17,CUST0247,Sports,Dumbbells,East,2,63.3,20,101.28,89.98,11.3,Credit Card
ORD00243,2025-05-18,CUST0038,Sports,Yoga Mat,West,5,37.31,10,167.9,105.17,62.73,Credit Card
ORD00277,2025-05-18,CUST0099,Furniture,Desk,East,4,250.63,0,1002.52,713.07,289.45,Credit Card
ORD00264,2025-05-18,CUST0050,Furniture,Desk,East,1,235.15,20,188.12,155.93,32.19,Net Banking
ORD00973,2025-05-19,CUST0247,Electronics,Laptop,West,2,642.44,0,1284.88,904.73,380.15,Net Banking
ORD01422,2025-05-19,CUST0052,Accessories,Backpack,East,3,53.57,10,144.64,103.89,40.75,Credit Card
ORD01361,2025-05-19,CUST0148,Electronics,Laptop,East,4,651.88,5,2477.14,1806.21,670.93,Cash
ORD01347,2025-05-20,CUST0083,Accessories,Backpack,East,3,53.34,15,136.02,105.73,30.29,Credit Card
ORD01144,2025-05-20,CUST0027,Electronics,Keyboard,Central,1,48.63,10,43.77,30.58,13.19,Net Banking
ORD01102,2025-05-20,CUST0168,Electronics,Smartphone,South,4,422.04,0,1688.16,1188.91,499.25,Debit Card
ORD00207,2025-05-21,CUST0118,Furniture,Office Chair,Central,1,180.95,5,171.9,103.59,68.31,Cash
ORD00982,2025-05-21,CUST0275,Accessories,Watch,North,1,111.93,5,106.33,69.68,36.65,UPI
ORD00203,2025-05-21,CUST0275,Accessories,Backpack,South,1,48.8,10,43.92,28.76,15.16,Net Banking
ORD00786,2025-05-21,CUST0213,Electronics,Headphones,North,3,78.01,0,234.03,133.36,100.67,Debit Card
ORD01446,2025-05-22,CUST0271,Electronics,Headphones,South,4,72.96,10,262.66,165.27,97.39,Debit Card
ORD01445,2025-05-22,CUST0188,Furniture,Desk,North,5,236.5,15,1005.12,651.73,353.39,Debit Card
ORD01053,2025-05-22,CUST0197,Electronics,Headphones,Central,1,82.06,0,82.06,46.69,35.37,Cash
ORD00221,2025-05-22,CUST0292,Furniture,Bookshelf,North,1,140.19,10,126.17,81.57,44.6,Debit Card
ORD00918,2025-05-22,CUST0009,Furniture,Bookshelf,Central,3,127.47,5,363.29,227.99,135.3,Cash
ORD00195,2025-05-22,CUST0053,Sports,Dumbbells,Central,1,62.12,10,55.91,36.85,19.06,Credit Card
ORD01401,2025-05-22,CUST0251,Sports,Running Shoes,South,5,91.63,15,389.43,309.71,79.72,Cash
ORD00846,2025-05-23,CUST0223,Electronics,Smartphone,North,5,428.12,10,1926.54,1520.17,406.37,Cash
ORD01147,2025-05-23,CUST0111,Furniture,Office Chair,South,5,191.12,5,907.82,678.55,229.27,UPI
ORD00219,2025-05-24,CUST0030,Furniture,Desk,Central,4,258.25,5,981.35,732.49,248.86,Cash
ORD00465,2025-05-24,CUST0235,Furniture,Bookshelf,Central,2,142.99,0,285.98,207.68,78.3,UPI
ORD01391,2025-05-24,CUST0003,Accessories,Watch,East,2,108.61,0,217.22,154.08,63.14,Debit Card
ORD00745,2025-05-24,CUST0257,Sports,Yoga Mat,Central,4,33.9,0,135.6,92.67,42.93,UPI
ORD00535,2025-05-24,CUST0016,Electronics,Monitor,Central,2,212.53,5,403.81,281.75,122.06,UPI
ORD00667,2025-05-25,CUST0223,Furniture,Office Chair,East,4,181.16,0,724.64,517.63,207.01,Credit Card
ORD00860,2025-05-25,CUST0232,Sports,Dumbbells,West,3,61.8,10,166.86,129.92,36.94,Net Banking
ORD00986,2025-05-25,CUST0090,Electronics,Monitor,West,3,240.71,10,649.92,422.55,227.37,Net Banking
ORD00698,2025-05-25,CUST0037,Furniture,Desk,Central,5,266.14,0,1330.7,814.76,515.94,UPI
ORD01145,2025-05-26,CUST0052,Accessories,Watch,West,1,121.98,15,103.68,91.15,12.53,Debit Card
ORD01268,2025-05-26,CUST0286,Furniture,Desk,South,2,272.72,5,518.17,312.61,205.56,Net Banking
ORD01045,2025-05-26,CUST0127,Furniture,Bookshelf,North,4,136.49,5,518.66,320.25,198.41,Debit Card
ORD00712,2025-05-26,CUST0057,Furniture,Bookshelf,East,5,141.23,5,670.84,486.53,184.31,Cash
ORD01002,2025-05-27,CUST0089,Furniture,Bookshelf,East,1,133.26,10,119.93,75.55,44.38,Credit Card
ORD00047,2025-05-27,CUST0096,Sports,Yoga Mat,North,5,33.33,15,141.65,92.17,49.48,Net Banking
ORD00331,2025-05-27,CUST0064,Furniture,Desk,East,5,267.63,0,1338.15,926.24,411.91,Net Banking
ORD00438,2025-05-27,CUST0271,Accessories,Backpack,East,3,50.32,5,143.41,98.44,44.97,UPI
ORD00639,2025-05-27,CUST0002,Accessories,Sunglasses,South,5,70.62,5,335.44,205.5,129.94,Debit Card
ORD00979,2025-05-27,CUST0122,Electronics,Headphones,North,4,87.76,0,351.04,198.41,152.63,Net Banking
ORD01325,2025-05-27,CUST0176,Furniture,Office Chair,East,3,183.72,5,523.6,337.53,186.07,Credit Card
ORD00314,2025-05-27,CUST0239,Electronics,Smartphone,West,2,477.03,10,858.65,651.18,207.47,Cash
ORD00657,2025-05-28,CUST0071,Sports,Yoga Mat,North,2,34.75,10,62.55,46.83,15.72,UPI
ORD00736,2025-05-28,CUST0280,Sports,Running Shoes,Central,3,88.84,15,226.54,153.47,73.07,UPI
ORD01065,2025-05-28,CUST0029,Furniture,Office Chair,North,2,169.42,10,304.96,203.29,101.67,Cash
ORD00408,2025-05-28,CUST0108,Sports,Dumbbells,East,3,65.42,0,196.26,119.61,76.65,Cash
ORD00660,2025-05-29,CUST0066,Electronics,Laptop,South,5,673.49,10,3030.7,2301.13,729.57,Credit Card
ORD01274,2025-05-29,CUST0107,Electronics,Smartphone,Central,2,428.66,5,814.45,535.91,278.54,Cash
ORD00928,2025-05-30,CUST0020,Accessories,Watch,North,1,111.18,5,105.62,76.1,29.52,Credit Card
ORD01494,2025-05-30,CUST0053,Furniture,Desk,Central,4,247.02,5,938.68,683.18,255.5,Debit Card
ORD00874,2025-05-30,CUST0046,Electronics,Headphones,North,1,85.98,15,73.08,55.92,17.16,UPI
ORD01248,2025-05-31,CUST0176,Furniture,Bookshelf,East,1,141.11,10,127.0,81.25,45.75,Debit Card
ORD01459,2025-05-31,CUST0050,Electronics,Keyboard,West,4,48.53,0,194.12,107.97,86.15,Cash
ORD00887,2025-06-01,CUST0026,Furniture,Bookshelf,South,4,150.04,0,600.16,406.16,194.0,Credit Card
ORD00330,2025-06-01,CUST0250,Accessories,Watch,East,1,115.21,10,103.69,70.87,32.82,Net Banking
ORD00597,2025-06-01,CUST0019,Accessories,Sunglasses,South,2,65.44,15,111.25,84.33,26.92,Credit Card
ORD00274,2025-06-01,CUST0061,Electronics,Monitor,Central,2,228.09,0,456.18,300.63,155.55,Debit Card
ORD00260,2025-06-01,CUST0109,Electronics,Headphones,West,4,79.97,15,271.9,180.86,91.04,Debit Card
ORD00241,2025-06-01,CUST0017,Furniture,Bookshelf,Central,1,144.45,10,130.0,102.62,27.38,Cash
ORD01259,2025-06-01,CUST0266,Furniture,Desk,North,3,243.68,0,731.04,502.78,228.26,Net Banking
ORD00306,2025-06-02,CUST0210,Furniture,Desk,North,1,256.71,10,231.04,144.83,86.21,Net Banking
ORD00911,2025-06-02,CUST0104,Electronics,Headphones,East,5,73.72,10,331.74,240.19,91.55,Debit Card
ORD00362,2025-06-02,CUST0033,Accessories,Sunglasses,South,1,66.72,0,66.72,36.93,29.79,Cash
ORD00598,2025-06-02,CUST0126,Electronics,Monitor,East,5,209.16,0,1045.8,709.49,336.31,Debit Card
ORD00257,2025-06-03,CUST0293,Electronics,Monitor,Central,5,232.34,10,1045.53,689.4,356.13,Net Banking
ORD00349,2025-06-03,CUST0274,Accessories,Backpack,North,1,45.0,5,42.75,29.35,13.4,Debit Card
ORD00378,2025-06-04,CUST0141,Furniture,Bookshelf,Central,2,148.63,10,267.53,178.58,88.95,Debit Card
ORD01455,2025-06-04,CUST0186,Accessories,Watch,North,2,113.13,5,214.95,126.15,88.8,Credit Card
ORD00036,2025-06-04,CUST0273,Furniture,Bookshelf,North,2,153.72,10,276.7,177.71,98.99,Credit Card
ORD01491,2025-06-04,CUST0077,Accessories,Backpack,Central,3,52.27,5,148.97,114.31,34.66,Net Banking
ORD01226,2025-06-04,CUST0277,Furniture,Bookshelf,West,3,143.5,0,430.5,265.93,164.57,Debit Card
ORD00746,2025-06-04,CUST0166,Electronics,Monitor,South,5,218.21,5,1036.5,616.87,419.63,Debit Card
ORD00449,2025-06-05,CUST0110,Furniture,Office Chair,Central,3,173.68,10,468.94,314.66,154.28,UPI
ORD00954,2025-06-05,CUST0238,Electronics,Headphones,South,5,73.55,10,330.98,237.28,93.7,Cash
ORD00350,2025-06-05,CUST0139,Furniture,Bookshelf,North,1,152.33,5,144.71,86.3,58.41,Credit Card
ORD00483,2025-06-05,CUST0189,Accessories,Watch,South,3,129.8,5,369.93,250.62,119.31,Debit Card
ORD00848,2025-06-05,CUST0299,Accessories,Watch,North,5,129.36,20,517.44,433.43,84.01,UPI
ORD01429,2025-06-06,CUST0061,Sports,Running Shoes,Central,2,85.18,10,153.32,124.28,29.04,UPI
ORD01383,2025-06-06,CUST0162,Electronics,Monitor,East,4,241.97,15,822.7,662.1,160.6,Debit Card
ORD00969,2025-06-07,CUST0057,Sports,Yoga Mat,North,5,35.86,0,179.3,106.07,73.23,Credit Card
ORD00890,2025-06-07,CUST0231,Electronics,Headphones,West,1,84.94,5,80.69,51.72,28.97,UPI
ORD00103,2025-06-08,CUST0228,Sports,Yoga Mat,Central,5,33.89,15,144.03,121.03,23.0,Cash
ORD00543,2025-06-08,CUST0057,Electronics,Smartphone,South,1,470.18,10,423.16,304.92,118.24,Net Banking
ORD01141,2025-06-08,CUST0045,Electronics,Keyboard,East,3,40.59,15,103.5,76.79,26.71,Net Banking
ORD01227,2025-06-08,CUST0125,Accessories,Watch,Central,3,111.34,10,300.62,199.54,101.08,Net Banking
ORD00211,2025-06-09,CUST0011,Furniture,Desk,South,5,226.18,0,1130.9,767.2,363.7,Credit Card
ORD00235,2025-06-09,CUST0164,Sports,Yoga Mat,North,2,32.89,10,59.2,37.03,22.17,UPI
ORD00048,2025-06-09,CUST0152,Accessories,Watch,West,4,130.65,10,470.34,386.12,84.22,Debit Card
ORD01463,2025-06-09,CUST0264,Furniture,Desk,North,1,249.52,5,237.04,175.8,61.24,Debit Card
ORD00999,2025-06-10,CUST0289,Sports,Yoga Mat,West,2,33.28,10,59.9,48.37,11.53,Net Banking
ORD00796,2025-06-10,CUST0094,Electronics,Keyboard,Central,3,45.61,0,136.83,85.57,51.26,UPI
ORD00553,2025-06-10,CUST0131,Electronics,Smartphone,West,5,458.31,15,1947.82,1578.72,369.1,UPI
ORD00196,2025-06-10,CUST0169,Sports,Yoga Mat,North,4,35.73,0,142.92,87.7,55.22,Net Banking
ORD00759,2025-06-10,CUST0176,Furniture,Desk,South,3,237.95,5,678.16,518.08,160.08,Credit Card
ORD00947,2025-06-10,CUST0016,Furniture,Bookshelf,North,4,142.35,10,512.46,322.56,189.9,Credit Card
ORD00541,2025-06-11,CUST0160,Furniture,Office Chair,South,1,163.62,15,139.08,114.02,25.06,Credit Card
ORD00626,2025-06-11,CUST0157,Electronics,Smartphone,East,1,451.17,10,406.05,273.53,132.52,Credit Card
ORD00165,2025-06-11,CUST0163,Electronics,Keyboard,North,3,43.39,5,123.66,90.45,33.21,Credit Card
ORD01214,2025-06-11,CUST0042,Electronics,Keyboard,West,5,47.56,15,202.13,139.61,62.52,Credit Card
ORD00057,2025-06-12,CUST0215,Electronics,Keyboard,Central,2,49.46,20,79.14,55.51,23.63,UPI
ORD01033,2025-06-12,CUST0202,Accessories,Watch,East,5,115.17,15,489.47,423.1,66.37,Net Banking
ORD00496,2025-06-12,CUST0105,Furniture,Bookshelf,Central,5,152.36,0,761.8,538.47,223.33,Cash
ORD00842,2025-06-13,CUST0039,Sports,Yoga Mat,Central,1,38.35,5,36.43,24.06,12.37,Debit Card
ORD00245,2025-06-13,CUST0140,Sports,Running Shoes,East,2,97.12,5,184.53,119.35,65.18,Debit Card
ORD00209,2025-06-16,CUST0202,Sports,Dumbbells,North,5,62.78,5,298.2,226.08,72.12,Debit Card
ORD01098,2025-06-16,CUST0233,Sports,Yoga Mat,West,4,37.22,0,148.88,82.3,66.58,Debit Card
ORD01246,2025-06-16,CUST0199,Electronics,Smartphone,South,5,406.07,5,1928.83,1238.78,690.05,Cash
ORD00554,2025-06-16,CUST0260,Electronics,Keyboard,East,3,45.65,0,136.95,82.35,54.6,UPI
ORD00892,2025-06-16,CUST0201,Sports,Running Shoes,East,1,84.93,5,80.68,48.93,31.75,Net Banking
ORD00602,2025-06-17,CUST0009,Furniture,Bookshelf,Central,4,142.94,5,543.17,358.77,184.4,Credit Card
ORD00421,2025-06-17,CUST0114,Electronics,Smartphone,West,5,462.42,15,1965.28,1657.15,308.13,UPI
ORD01387,2025-06-17,CUST0054,Sports,Running Shoes,East,5,81.37,5,386.51,225.14,161.37,Credit Card
ORD00311,2025-06-17,CUST0108,Sports,Dumbbells,East,3,65.15,5,185.68,113.96,71.72,Cash
ORD01409,2025-06-18,CUST0047,Electronics,Smartphone,East,4,444.96,20,1423.87,1247.7,176.17,Credit Card
ORD00683,2025-06-18,CUST0181,Sports,Running Shoes,South,5,84.46,10,380.07,293.01,87.06,Debit Card
ORD00325,2025-06-19,CUST0124,Accessories,Watch,Central,5,129.6,5,615.6,371.45,244.15,UPI
ORD01104,2025-06-19,CUST0082,Accessories,Backpack,South,3,49.18,5,140.16,96.15,44.01,Net Banking
ORD00039,2025-06-19,CUST0271,Sports,Yoga Mat,East,5,37.52,15,159.46,112.57,46.89,Cash
ORD00015,2025-06-20,CUST0029,Accessories,Watch,West,4,113.98,15,387.53,288.18,99.35,Net Banking
ORD00377,2025-06-20,CUST0216,Sports,Yoga Mat,South,4,37.98,5,144.32,90.5,53.82,Cash
ORD00187,2025-06-20,CUST0001,Sports,Yoga Mat,North,4,34.52,15,117.37,82.81,34.56,Cash
ORD01171,2025-06-21,CUST0289,Accessories,Backpack,North,5,45.87,10,206.42,127.82,78.6,Cash
ORD01377,2025-06-21,CUST0247,Electronics,Keyboard,Central,3,41.78,15,106.54,76.7,29.84,Credit Card
ORD01280,2025-06-21,CUST0262,Furniture,Bookshelf,South,2,131.41,10,236.54,179.66,56.88,Net Banking
ORD00320,2025-06-21,CUST0041,Accessories,Sunglasses,East,4,68.38,5,259.84,175.06,84.78,Debit Card
ORD01055,2025-06-21,CUST0157,Sports,Running Shoes,South,1,97.28,0,97.28,72.35,24.93,Cash
ORD00104,2025-06-22,CUST0130,Furniture,Bookshelf,East,5,139.62,10,628.29,441.05,187.24,UPI
ORD00830,2025-06-22,CUST0234,Electronics,Headphones,North,2,78.64,10,141.55,91.83,49.72,Cash
ORD00297,2025-06-22,CUST0206,Electronics,Headphones,North,3,83.19,15,212.13,179.16,32.97,UPI
ORD00993,2025-06-23,CUST0278,Accessories,Watch,North,4,131.06,20,419.39,321.93,97.46,Credit Card
ORD01221,2025-06-23,CUST0074,Accessories,Sunglasses,West,3,70.53,15,179.85,122.85,57.0,UPI
ORD01286,2025-06-24,CUST0090,Accessories,Backpack,North,5,49.62,20,198.48,156.93,41.55,UPI
ORD00520,2025-06-24,CUST0069,Electronics,Laptop,West,3,608.55,15,1551.8,1231.49,320.31,Credit Card
ORD00335,2025-06-24,CUST0239,Electronics,Smartphone,West,1,493.27,15,419.28,311.51,107.77,Net Banking
ORD01484,2025-06-25,CUST0149,Furniture,Desk,South,5,239.69,15,1018.68,672.79,345.89,UPI
ORD00991,2025-06-25,CUST0233,Sports,Yoga Mat,West,4,36.78,5,139.76,109.03,30.73,Net Banking
ORD01099,2025-06-25,CUST0211,Accessories,Sunglasses,North,3,71.25,0,213.75,139.82,73.93,Credit Card
ORD01241,2025-06-25,CUST0171,Furniture,Bookshelf,East,5,139.22,15,591.69,436.16,155.53,Cash
ORD00925,2025-06-26,CUST0063,Electronics,Headphones,East,5,77.76,15,330.48,255.89,74.59,Credit Card
ORD00143,2025-06-26,CUST0003,Accessories,Sunglasses,Central,1,70.32,5,66.8,48.97,17.83,Debit Card
ORD01419,2025-06-27,CUST0056,Furniture,Bookshelf,North,2,134.04,10,241.27,197.85,43.42,Cash
ORD01345,2025-06-27,CUST0027,Furniture,Office Chair,North,5,184.5,5,876.38,651.25,225.13,Cash
ORD00067,2025-06-27,CUST0028,Electronics,Keyboard,West,2,44.67,0,89.34,55.45,33.89,Net Banking
ORD00722,2025-06-27,CUST0003,Sports,Yoga Mat,South,3,37.39,5,106.56,62.37,44.19,UPI
ORD00148,2025-06-27,CUST0062,Sports,Running Shoes,North,3,90.45,10,244.22,163.37,80.85,UPI
ORD00171,2025-06-28,CUST0088,Sports,Running Shoes,North,1,97.34,20,77.87,67.64,10.23,Credit Card
ORD00632,2025-06-28,CUST0198,Accessories,Sunglasses,West,1,68.65,0,68.65,40.98,27.67,UPI
ORD00190,2025-06-28,CUST0206,Electronics,Laptop,West,3,706.4,5,2013.24,1299.56,713.68,Debit Card
ORD00014,2025-06-28,CUST0063,Furniture,Desk,North,3,246.38,10,665.23,410.28,254.95,Cash
ORD00614,2025-06-28,CUST0276,Sports,Yoga Mat,East,5,33.15,10,149.18,122.44,26.74,Credit Card
ORD01333,2025-06-28,CUST0133,Furniture,Desk,Central,4,269.64,10,970.7,784.09,186.61,Cash
ORD00466,2025-06-28,CUST0212,Furniture,Bookshelf,Central,3,134.02,10,361.85,285.67,76.18,Debit Card
ORD01083,2025-06-28,CUST0180,Electronics,Smartphone,East,5,485.61,0,2428.05,1386.71,1041.34,Debit Card
ORD01193,2025-06-28,CUST0064,Accessories,Sunglasses,Central,3,74.45,15,189.85,149.09,40.76,Cash
ORD01220,2025-06-29,CUST0010,Accessories,Watch,West,1,129.7,15,110.24,71.74,38.5,Credit Card
ORD00084,2025-06-29,CUST0207,Electronics,Laptop,South,2,595.99,15,1013.18,797.98,215.2,Cash
ORD01093,2025-06-29,CUST0207,Electronics,Headphones,Central,1,74.01,5,70.31,49.43,20.88,Credit Card
ORD00762,2025-06-29,CUST0181,Accessories,Watch,South,4,121.08,15,411.67,274.78,136.89,Debit Card
ORD00675,2025-06-29,CUST0032,Electronics,Monitor,South,4,206.58,5,785.0,537.92,247.08,Debit Card
ORD00778,2025-06-30,CUST0187,Electronics,Smartphone,South,5,407.59,10,1834.16,1383.25,450.91,UPI
ORD00988,2025-06-30,CUST0260,Furniture,Bookshelf,North,5,144.29,0,721.45,418.22,303.23,Cash
ORD00534,2025-06-30,CUST0288,Accessories,Sunglasses,South,3,75.13,10,202.85,137.01,65.84,UPI
ORD00167,2025-06-30,CUST0024,Furniture,Bookshelf,West,3,147.31,15,375.64,298.41,77.23,Debit Card
ORD01110,2025-06-30,CUST0157,Sports,Yoga Mat,East,1,33.72,0,33.72,20.45,13.27,Credit Card
ORD01224,2025-07-01,CUST0147,Accessories,Sunglasses,East,2,70.45,10,126.81,85.0,41.81,Cash
ORD00812,2025-07-01,CUST0199,Electronics,Keyboard,South,5,40.97,10,184.36,147.6,36.76,UPI
ORD00539,2025-07-01,CUST0030,Sports,Dumbbells,West,1,63.19,15,53.71,34.82,18.89,Cash
ORD00599,2025-07-01,CUST0129,Sports,Running Shoes,South,2,95.55,10,171.99,128.48,43.51,UPI
ORD00078,2025-07-03,CUST0273,Accessories,Sunglasses,West,2,76.29,15,129.69,88.41,41.28,Cash
ORD01388,2025-07-03,CUST0185,Furniture,Desk,East,3,253.6,10,684.72,548.23,136.49,UPI
ORD00080,2025-07-03,CUST0281,Sports,Running Shoes,East,3,92.54,0,277.62,162.79,114.83,UPI
ORD00504,2025-07-03,CUST0162,Accessories,Watch,West,4,114.23,20,365.54,339.92,25.62,Credit Card
ORD01143,2025-07-03,CUST0148,Furniture,Bookshelf,North,4,143.66,5,545.91,325.19,220.72,Net Banking
ORD00494,2025-07-03,CUST0076,Furniture,Bookshelf,Central,2,127.73,15,217.14,145.22,71.92,Credit Card
ORD00576,2025-07-04,CUST0085,Accessories,Watch,East,2,123.16,15,209.37,174.12,35.25,Cash
ORD01390,2025-07-05,CUST0170,Furniture,Desk,West,5,229.12,5,1088.32,769.05,319.27,Debit Card
ORD01458,2025-07-05,CUST0178,Sports,Dumbbells,North,3,65.92,10,177.98,112.41,65.57,Debit Card
ORD00785,2025-07-05,CUST0070,Sports,Dumbbells,South,1,56.31,5,53.49,36.2,17.29,Cash
ORD00888,2025-07-05,CUST0054,Electronics,Laptop,South,3,625.22,15,1594.31,1292.0,302.31,Cash
ORD00422,2025-07-05,CUST0185,Electronics,Keyboard,Central,4,45.0,5,171.0,127.26,43.74,Cash
ORD00942,2025-07-06,CUST0214,Accessories,Backpack,South,2,45.18,10,81.32,61.52,19.8,Credit Card
ORD01332,2025-07-06,CUST0200,Accessories,Backpack,Central,1,50.58,5,48.05,35.55,12.5,UPI
ORD01082,2025-07-06,CUST0089,Sports,Yoga Mat,East,1,32.3,10,29.07,19.74,9.33,UPI
ORD00477,2025-07-07,CUST0270,Accessories,Watch,West,1,120.24,15,102.2,83.84,18.36,Cash
ORD01207,2025-07-07,CUST0057,Electronics,Keyboard,East,2,45.12,10,81.22,65.37,15.85,Cash
ORD01160,2025-07-07,CUST0013,Accessories,Backpack,East,3,47.15,5,134.38,87.87,46.51,Debit Card
ORD00308,2025-07-08,CUST0049,Furniture,Bookshelf,North,3,139.28,5,396.95,279.19,117.76,UPI
ORD01442,2025-07-08,CUST0158,Electronics,Headphones,South,3,75.75,10,204.52,158.24,46.28,UPI
ORD00656,2025-07-08,CUST0129,Electronics,Monitor,North,5,212.93,10,958.18,701.52,256.66,Credit Card
ORD01462,2025-07-08,CUST0120,Accessories,Backpack,North,3,53.87,20,129.29,97.26,32.03,Debit Card
ORD00287,2025-07-08,CUST0265,Sports,Running Shoes,West,4,82.43,15,280.26,229.58,50.68,Debit Card
ORD00604,2025-07-08,CUST0095,Electronics,Smartphone,North,2,406.71,15,691.41,567.1,124.31,UPI
ORD00506,2025-07-09,CUST0175,Electronics,Keyboard,North,1,48.56,0,48.56,34.42,14.14,Credit Card
ORD00937,2025-07-09,CUST0089,Accessories,Backpack,East,5,51.46,5,244.44,149.27,95.17,Cash
ORD00549,2025-07-09,CUST0288,Electronics,Laptop,Central,5,631.36,10,2841.12,1896.91,944.21,UPI
ORD00837,2025-07-09,CUST0152,Furniture,Desk,South,5,259.92,20,1039.68,791.14,248.54,UPI
ORD00472,2025-07-09,CUST0192,Furniture,Office Chair,South,2,187.44,15,318.65,252.46,66.19,UPI
ORD00487,2025-07-09,CUST0268,Electronics,Laptop,North,5,664.08,0,3320.4,2012.86,1307.54,UPI
ORD01474,2025-07-09,CUST0006,Sports,Yoga Mat,West,1,33.52,10,30.17,20.61,9.56,Net Banking
ORD00997,2025-07-10,CUST0189,Furniture,Bookshelf,West,5,150.75,20,603.0,555.26,47.74,Debit Card
ORD01116,2025-07-10,CUST0170,Sports,Dumbbells,Central,4,59.4,10,213.84,171.47,42.37,Net Banking
ORD00818,2025-07-10,CUST0181,Electronics,Keyboard,West,2,45.11,0,90.22,58.42,31.8,UPI
ORD00076,2025-07-11,CUST0252,Furniture,Desk,South,5,260.2,10,1170.9,770.96,399.94,Debit Card
ORD00788,2025-07-11,CUST0210,Electronics,Headphones,North,3,87.75,0,263.25,179.87,83.38,Cash
ORD00309,2025-07-11,CUST0106,Electronics,Monitor,East,4,218.37,5,829.81,557.02,272.79,Credit Card
ORD00501,2025-07-11,CUST0005,Sports,Yoga Mat,South,1,32.08,15,27.27,19.27,8.0,Net Banking
ORD01405,2025-07-12,CUST0050,Electronics,Monitor,South,2,222.81,0,445.62,263.86,181.76,UPI
ORD01050,2025-07-12,CUST0243,Sports,Yoga Mat,Central,1,33.38,5,31.71,23.72,7.99,Credit Card
ORD00338,2025-07-13,CUST0169,Electronics,Headphones,East,2,76.79,0,153.58,95.49,58.09,Credit Card
ORD00866,2025-07-13,CUST0016,Electronics,Smartphone,Central,1,425.31,0,425.31,251.94,173.37,Net Banking
ORD00817,2025-07-13,CUST0123,Electronics,Monitor,Central,2,235.38,0,470.76,309.09,161.67,UPI
ORD00895,2025-07-13,CUST0176,Electronics,Monitor,North,5,198.17,15,842.22,592.16,250.06,Debit Card
ORD00580,2025-07-14,CUST0009,Electronics,Headphones,West,5,80.85,0,404.25,264.42,139.83,Net Banking
ORD01051,2025-07-14,CUST0015,Furniture,Desk,North,4,269.03,5,1022.31,680.73,341.58,Credit Card
ORD00186,2025-07-14,CUST0118,Furniture,Bookshelf,South,4,138.71,20,443.87,331.36,112.51,Net Banking
ORD00538,2025-07-14,CUST0012,Electronics,Headphones,East,2,73.49,5,139.63,109.17,30.46,Debit Card
ORD00386,2025-07-14,CUST0280,Furniture,Desk,East,4,243.22,10,875.59,592.53,283.06,Net Banking
ORD00476,2025-07-15,CUST0187,Furniture,Desk,North,1,245.34,15,208.54,151.04,57.5,Net Banking
ORD01407,2025-07-15,CUST0078,Sports,Running Shoes,South,4,83.42,15,283.63,195.06,88.57,Cash
ORD01004,2025-07-15,CUST0084,Sports,Running Shoes,East,2,89.26,20,142.82,106.7,36.12,UPI
ORD01295,2025-07-15,CUST0204,Electronics,Keyboard,East,2,44.93,0,89.86,63.23,26.63,Debit Card
ORD00828,2025-07-16,CUST0223,Sports,Yoga Mat,South,2,35.02,5,66.54,45.43,21.11,Debit Card
ORD01080,2025-07-16,CUST0180,Electronics,Monitor,Central,3,222.95,10,601.96,442.93,159.03,UPI
ORD01436,2025-07-16,CUST0222,Furniture,Bookshelf,West,2,148.37,5,281.9,194.23,87.67,Debit Card
ORD00711,2025-07-16,CUST0158,Electronics,Keyboard,West,3,48.44,5,138.05,82.74,55.31,Cash
ORD00708,2025-07-17,CUST0087,Accessories,Backpack,North,5,49.72,15,211.31,172.17,39.14,Credit Card
ORD00509,2025-07-17,CUST0059,Furniture,Desk,South,1,271.86,10,244.67,166.48,78.19,Debit Card
ORD00112,2025-07-17,CUST0161,Accessories,Backpack,North,3,46.76,0,140.28,91.14,49.14,Net Banking
ORD00882,2025-07-17,CUST0056,Sports,Yoga Mat,East,4,33.09,10,119.12,88.73,30.39,Net Banking
ORD00824,2025-07-18,CUST0162,Furniture,Office Chair,East,1,165.37,15,140.56,122.54,18.02,Debit Card
ORD00963,2025-07-18,CUST0114,Electronics,Headphones,East,2,87.49,10,157.48,123.52,33.96,Net Banking
ORD00537,2025-07-18,CUST0106,Sports,Dumbbells,West,4,61.83,0,247.32,174.65,72.67,Cash
ORD00647,2025-07-18,CUST0013,Electronics,Laptop,North,3,608.42,15,1551.47,1044.0,507.47,Cash
ORD00489,2025-07-19,CUST0233,Furniture,Bookshelf,North,2,146.98,5,279.26,187.02,92.24,UPI
ORD01485,2025-07-19,CUST0055,Electronics,Laptop,South,5,684.43,5,3251.04,2508.56,742.48,Net Banking
ORD00479,2025-07-19,CUST0247,Accessories,Backpack,North,3,53.26,0,159.78,97.01,62.77,UPI
ORD00717,2025-07-19,CUST0255,Electronics,Smartphone,East,4,440.5,5,1673.9,1274.65,399.25,UPI
ORD00625,2025-07-20,CUST0197,Electronics,Keyboard,South,4,43.89,0,175.56,116.6,58.96,Credit Card
ORD00431,2025-07-20,CUST0234,Electronics,Headphones,West,2,73.69,5,140.01,87.61,52.4,UPI
ORD00475,2025-07-20,CUST0038,Sports,Running Shoes,East,4,90.41,0,361.64,232.96,128.68,Cash
ORD00485,2025-07-21,CUST0053,Furniture,Desk,West,1,255.76,10,230.18,187.25,42.93,Credit Card
ORD01424,2025-07-21,CUST0244,Accessories,Backpack,Central,1,47.61,10,42.85,33.07,9.78,Credit Card
ORD00179,2025-07-21,CUST0243,Electronics,Headphones,East,5,87.6,20,350.4,297.87,52.53,Net Banking
ORD01413,2025-07-21,CUST0248,Accessories,Sunglasses,North,2,68.92,10,124.06,93.77,30.29,Credit Card
ORD00064,2025-07-22,CUST0252,Accessories,Watch,Central,5,129.39,0,646.95,424.1,222.85,Cash
ORD00334,2025-07-22,CUST0192,Furniture,Office Chair,North,2,180.81,5,343.54,239.59,103.95,UPI
ORD01395,2025-07-22,CUST0085,Sports,Yoga Mat,South,4,36.25,10,130.5,105.08,25.42,UPI
ORD00239,2025-07-22,CUST0247,Sports,Yoga Mat,South,2,37.81,0,75.62,48.57,27.05,UPI
ORD00777,2025-07-23,CUST0011,Accessories,Sunglasses,South,5,68.46,5,325.18,249.26,75.92,Debit Card
ORD00718,2025-07-23,CUST0194,Electronics,Smartphone,East,5,467.11,10,2102.0,1675.73,426.27,Cash
ORD00889,2025-07-23,CUST0042,Accessories,Watch,South,3,127.17,5,362.43,271.1,91.33,Debit Card
ORD01488,2025-07-24,CUST0253,Furniture,Office Chair,East,3,183.18,10,494.59,339.98,154.61,Net Banking
ORD00966,2025-07-24,CUST0214,Accessories,Watch,Central,1,112.57,5,106.94,77.0,29.94,UPI
ORD00006,2025-07-25,CUST0081,Accessories,Backpack,West,4,49.95,0,199.8,111.26,88.54,Debit Card
ORD00521,2025-07-25,CUST0094,Accessories,Backpack,North,2,49.18,0,98.36,69.0,29.36,Credit Card
ORD01196,2025-07-25,CUST0145,Sports,Running Shoes,North,4,83.13,0,332.52,233.47,99.05,UPI
ORD00156,2025-07-25,CUST0077,Sports,Dumbbells,Central,5,55.93,10,251.68,199.56,52.12,Cash
ORD01283,2025-07-25,CUST0044,Sports,Yoga Mat,East,4,31.77,5,120.73,77.66,43.07,Credit Card
ORD01477,2025-07-26,CUST0242,Electronics,Monitor,Central,3,216.29,5,616.43,464.86,151.57,Cash
ORD00939,2025-07-26,CUST0172,Electronics,Laptop,Central,2,701.95,5,1333.7,1027.89,305.81,UPI
ORD01112,2025-07-26,CUST0099,Electronics,Laptop,South,3,641.81,0,1925.43,1211.82,713.61,Debit Card
ORD00409,2025-07-26,CUST0283,Electronics,Headphones,South,2,72.24,5,137.26,107.35,29.91,Credit Card
ORD01195,2025-07-26,CUST0034,Sports,Yoga Mat,North,5,33.26,0,166.3,114.4,51.9,Credit Card
ORD01054,2025-07-26,CUST0280,Furniture,Bookshelf,South,1,140.27,0,140.27,93.57,46.7,Credit Card
ORD00900,2025-07-27,CUST0204,Furniture,Bookshelf,East,2,140.32,5,266.61,199.63,66.98,Debit Card
ORD01019,2025-07-27,CUST0213,Sports,Dumbbells,South,5,57.8,5,274.55,197.75,76.8,Debit Card
ORD00769,2025-07-27,CUST0075,Accessories,Watch,East,4,111.51,10,401.44,318.74,82.7,UPI
ORD00027,2025-07-27,CUST0131,Electronics,Keyboard,West,3,43.01,0,129.03,89.04,39.99,Credit Card
ORD01393,2025-07-27,CUST0063,Furniture,Desk,North,4,260.96,10,939.46,758.19,181.27,Debit Card
ORD00444,2025-07-28,CUST0211,Sports,Yoga Mat,West,5,33.95,10,152.78,116.36,36.42,Net Banking
ORD01027,2025-07-28,CUST0183,Furniture,Bookshelf,East,5,127.53,15,542.0,404.47,137.53,UPI
ORD00419,2025-07-28,CUST0073,Furniture,Office Chair,Central,1,197.56,5,187.68,120.18,67.5,UPI
ORD01253,2025-07-28,CUST0293,Electronics,Smartphone,West,4,468.1,0,1872.4,1138.66,733.74,Cash
ORD00622,2025-07-28,CUST0089,Furniture,Desk,Central,5,228.16,5,1083.76,717.96,365.8,Cash
ORD00924,2025-07-28,CUST0224,Furniture,Bookshelf,East,5,153.25,10,689.62,542.59,147.03,Cash
ORD00430,2025-07-28,CUST0126,Electronics,Keyboard,East,4,41.95,10,151.02,95.09,55.93,Debit Card
ORD00574,2025-07-29,CUST0236,Furniture,Desk,Central,5,231.35,0,1156.75,680.0,476.75,Debit Card
ORD00575,2025-07-29,CUST0196,Electronics,Laptop,North,4,691.66,0,2766.64,1978.89,787.75,Debit Card
ORD00160,2025-07-29,CUST0270,Furniture,Office Chair,Central,1,174.45,10,157.0,117.61,39.39,Cash
ORD01014,2025-07-29,CUST0029,Sports,Running Shoes,East,3,90.24,10,243.65,184.12,59.53,Cash
ORD00355,2025-07-29,CUST0229,Electronics,Smartphone,Central,3,409.71,5,1167.67,864.71,302.96,Cash
ORD01298,2025-07-29,CUST0296,Sports,Dumbbells,West,2,59.06,0,118.12,83.72,34.4,Net Banking
ORD01020,2025-07-29,CUST0154,Electronics,Keyboard,South,5,45.55,10,204.98,165.48,39.5,Credit Card
ORD00930,2025-07-29,CUST0067,Accessories,Watch,South,1,110.0,5,104.5,80.93,23.57,Credit Card
ORD00493,2025-07-29,CUST0296,Sports,Yoga Mat,North,4,32.05,5,121.79,81.86,39.93,Cash
ORD00742,2025-07-29,CUST0126,Sports,Running Shoes,West,3,81.72,5,232.9,152.6,80.3,Net Banking
ORD00724,2025-07-30,CUST0277,Electronics,Monitor,West,3,228.98,5,652.59,407.69,244.9,UPI
ORD00114,2025-07-30,CUST0032,Accessories,Watch,Central,1,115.44,5,109.67,72.67,37.0,Credit Card
ORD00242,2025-07-30,CUST0028,Electronics,Keyboard,East,2,49.42,5,93.9,73.55,20.35,UPI
ORD00658,2025-07-31,CUST0063,Sports,Yoga Mat,East,2,34.89,10,62.8,38.75,24.05,Cash
ORD00068,2025-07-31,CUST0220,Sports,Running Shoes,Central,4,93.57,20,299.42,245.98,53.44,Net Banking
ORD01062,2025-07-31,CUST0153,Electronics,Smartphone,South,2,428.36,10,771.05,521.3,249.75,Debit Card
ORD00098,2025-08-01,CUST0165,Furniture,Bookshelf,Central,3,131.65,10,355.46,230.15,125.31,UPI
ORD00427,2025-08-01,CUST0137,Accessories,Sunglasses,East,2,66.8,5,126.92,79.67,47.25,Net Banking
ORD00498,2025-08-02,CUST0294,Electronics,Smartphone,Central,3,443.7,5,1264.54,953.32,311.22,Debit Card
ORD01255,2025-08-02,CUST0150,Electronics,Smartphone,East,5,476.34,0,2381.7,1732.72,648.98,Cash
ORD00278,2025-08-02,CUST0143,Furniture,Desk,Central,5,241.51,0,1207.55,846.92,360.63,Cash
ORD00518,2025-08-02,CUST0291,Electronics,Laptop,North,4,615.41,5,2338.56,1457.73,880.83,Cash
ORD00445,2025-08-03,CUST0277,Sports,Dumbbells,South,4,64.68,0,258.72,181.1,77.62,Cash
ORD00691,2025-08-03,CUST0098,Accessories,Backpack,West,4,45.47,15,154.6,112.36,42.24,Net Banking
ORD00751,2025-08-03,CUST0221,Sports,Yoga Mat,Central,5,35.88,10,161.46,119.51,41.95,Debit Card
ORD00577,2025-08-03,CUST0197,Accessories,Backpack,South,3,50.72,10,136.94,89.31,47.63,Net Banking
ORD00404,2025-08-03,CUST0014,Electronics,Smartphone,East,4,475.64,20,1522.05,1325.51,196.54,Net Banking
ORD00792,2025-08-03,CUST0166,Sports,Yoga Mat,East,1,33.89,20,27.11,20.93,6.18,Debit Card
ORD01229,2025-08-03,CUST0221,Sports,Yoga Mat,East,4,38.43,5,146.03,92.62,53.41,UPI
ORD00612,2025-08-03,CUST0134,Furniture,Desk,Central,3,238.68,10,644.44,524.4,120.04,Credit Card
ORD00313,2025-08-03,CUST0177,Electronics,Keyboard,West,1,40.96,10,36.86,24.64,12.22,Debit Card
ORD01073,2025-08-03,CUST0017,Electronics,Smartphone,West,4,438.28,10,1577.81,1134.64,443.17,Credit Card
ORD00728,2025-08-04,CUST0069,Furniture,Office Chair,West,3,172.58,15,440.08,330.97,109.11,Net Banking
ORD00012,2025-08-04,CUST0293,Furniture,Bookshelf,East,4,127.78,5,485.56,312.91,172.65,Cash
ORD00398,2025-08-04,CUST0168,Furniture,Bookshelf,East,2,149.61,10,269.3,170.41,98.89,Net Banking
ORD01215,2025-08-05,CUST0124,Electronics,Monitor,Central,5,226.87,5,1077.63,671.64,405.99,Debit Card
ORD00191,2025-08-05,CUST0285,Electronics,Monitor,North,5,228.18,5,1083.86,631.46,452.4,UPI
ORD00009,2025-08-05,CUST0252,Accessories,Sunglasses,West,5,66.8,5,317.3,239.06,78.24,Cash
ORD00678,2025-08-06,CUST0164,Electronics,Keyboard,North,2,49.44,5,93.94,71.56,22.38,Net Banking
ORD01242,2025-08-06,CUST0104,Electronics,Laptop,North,1,696.32,10,626.69,398.63,228.06,Debit Card
ORD01412,2025-08-06,CUST0010,Electronics,Keyboard,North,4,45.37,0,181.48,109.78,71.7,Net Banking
ORD00365,2025-08-06,CUST0004,Sports,Running Shoes,South,5,89.71,5,426.12,313.76,112.36,Credit Card
ORD00744,2025-08-06,CUST0189,Furniture,Office Chair,Central,5,197.01,0,985.05,612.71,372.34,Net Banking
ORD00289,2025-08-06,CUST0190,Accessories,Backpack,North,4,47.44,10,170.78,108.65,62.13,Net Banking
ORD00254,2025-08-07,CUST0066,Electronics,Smartphone,North,3,471.81,5,1344.66,1009.24,335.42,Net Banking
ORD00859,2025-08-07,CUST0177,Sports,Dumbbells,West,2,62.43,5,118.62,89.95,28.67,Debit Card
ORD00838,2025-08-07,CUST0296,Furniture,Bookshelf,South,3,130.58,10,352.57,259.77,92.8,Cash
ORD01108,2025-08-07,CUST0247,Electronics,Smartphone,South,5,478.94,10,2155.23,1582.65,572.58,Net Banking
ORD00825,2025-08-08,CUST0280,Electronics,Headphones,South,4,76.14,15,258.88,188.05,70.83,Net Banking
ORD00091,2025-08-08,CUST0075,Electronics,Headphones,West,5,73.79,20,295.16,232.28,62.88,Credit Card
ORD00269,2025-08-08,CUST0270,Electronics,Keyboard,South,4,40.83,0,163.32,98.83,64.49,Debit Card
ORD00687,2025-08-08,CUST0009,Sports,Running Shoes,West,4,95.7,5,363.66,278.31,85.35,Net Banking
ORD00283,2025-08-08,CUST0129,Accessories,Watch,Central,3,112.05,15,285.73,218.97,66.76,Cash
ORD00515,2025-08-09,CUST0060,Sports,Running Shoes,South,3,86.67,0,260.01,145.24,114.77,UPI
ORD01169,2025-08-09,CUST0211,Furniture,Bookshelf,West,2,139.54,10,251.17,162.3,88.87,Cash
ORD00383,2025-08-09,CUST0068,Electronics,Keyboard,Central,2,41.83,20,66.93,57.38,9.55,UPI
ORD00075,2025-08-10,CUST0251,Electronics,Smartphone,North,3,481.7,10,1300.59,954.32,346.27,Credit Card
ORD01096,2025-08-10,CUST0274,Electronics,Keyboard,South,5,44.02,0,220.1,155.87,64.23,Cash
ORD01157,2025-08-10,CUST0101,Furniture,Office Chair,South,4,188.79,10,679.64,491.34,188.3,Cash
ORD01044,2025-08-11,CUST0080,Sports,Yoga Mat,South,5,37.67,10,169.52,119.01,50.51,Net Banking
ORD00035,2025-08-11,CUST0054,Furniture,Desk,South,1,233.47,5,221.8,154.41,67.39,UPI
ORD00448,2025-08-12,CUST0062,Electronics,Smartphone,North,2,478.96,5,910.02,653.21,256.81,UPI
ORD00021,2025-08-12,CUST0225,Sports,Dumbbells,North,1,58.93,20,47.14,32.8,14.34,UPI
ORD01168,2025-08-12,CUST0256,Electronics,Headphones,West,2,72.92,15,123.96,84.31,39.65,Cash
ORD00439,2025-08-12,CUST0136,Electronics,Keyboard,West,1,48.62,15,41.33,28.72,12.61,Credit Card
ORD00066,2025-08-12,CUST0272,Furniture,Office Chair,West,3,163.64,15,417.28,297.59,119.69,Cash
ORD01303,2025-08-12,CUST0027,Electronics,Smartphone,South,3,464.52,5,1323.88,775.39,548.49,Net Banking
ORD00070,2025-08-12,CUST0239,Accessories,Watch,North,5,117.04,0,585.2,416.73,168.47,UPI
ORD00529,2025-08-12,CUST0272,Sports,Dumbbells,South,4,62.81,10,226.12,155.6,70.52,Net Banking
ORD01122,2025-08-13,CUST0142,Accessories,Watch,North,1,114.24,10,102.82,76.26,26.56,Debit Card
ORD00336,2025-08-13,CUST0147,Electronics,Headphones,East,1,72.05,0,72.05,48.85,23.2,UPI
ORD00100,2025-08-13,CUST0104,Furniture,Office Chair,East,1,180.1,10,162.09,107.42,54.67,UPI
ORD01038,2025-08-13,CUST0217,Sports,Dumbbells,Central,3,58.98,5,168.09,119.08,49.01,UPI
ORD00688,2025-08-14,CUST0103,Furniture,Office Chair,South,4,191.86,5,729.07,442.61,286.46,Net Banking
ORD00246,2025-08-14,CUST0011,Furniture,Office Chair,South,5,188.93,10,850.18,672.93,177.25,Credit Card
ORD00834,2025-08-14,CUST0236,Sports,Dumbbells,Central,2,54.79,15,93.14,72.31,20.83,Cash
ORD00089,2025-08-14,CUST0229,Electronics,Headphones,North,2,77.81,5,147.84,105.69,42.15,Credit Card
ORD00787,2025-08-14,CUST0051,Electronics,Keyboard,South,3,44.71,0,134.13,96.66,37.47,Debit Card
ORD00150,2025-08-14,CUST0170,Furniture,Bookshelf,North,3,139.35,5,397.15,233.64,163.51,Credit Card
ORD01317,2025-08-15,CUST0016,Electronics,Keyboard,West,1,46.03,10,41.43,30.21,11.22,Debit Card
ORD01222,2025-08-15,CUST0010,Electronics,Laptop,North,5,676.11,0,3380.55,2485.93,894.62,Credit Card
ORD01205,2025-08-15,CUST0193,Furniture,Desk,South,1,241.9,5,229.8,155.78,74.02,Net Banking
ORD00814,2025-08-15,CUST0182,Sports,Dumbbells,South,4,57.24,10,206.06,158.09,47.97,UPI
ORD00879,2025-08-15,CUST0106,Sports,Yoga Mat,North,3,35.17,5,100.23,71.79,28.44,Cash
ORD00141,2025-08-15,CUST0039,Accessories,Sunglasses,West,3,70.41,15,179.55,155.85,23.7,Net Banking
ORD00864,2025-08-16,CUST0220,Furniture,Desk,North,2,226.8,15,385.56,309.21,76.35,Net Banking
ORD00261,2025-08-16,CUST0183,Furniture,Office Chair,North,5,180.62,10,812.79,576.21,236.58,Credit Card
ORD01064,2025-08-16,CUST0163,Furniture,Bookshelf,West,3,144.84,0,434.52,312.25,122.27,Debit Card
ORD00360,2025-08-16,CUST0188,Electronics,Headphones,South,1,76.27,15,64.83,53.01,11.82,Credit Card
ORD01021,2025-08-16,CUST0163,Accessories,Watch,East,5,109.28,0,546.4,402.98,143.42,Net Banking
ORD01034,2025-08-16,CUST0281,Furniture,Desk,West,3,271.63,5,774.15,551.27,222.88,Cash
ORD00233,2025-08-17,CUST0086,Electronics,Monitor,Central,5,221.12,5,1050.32,714.58,335.74,Debit Card
ORD00214,2025-08-17,CUST0164,Sports,Yoga Mat,East,2,36.91,15,62.75,44.51,18.24,Credit Card
ORD00629,2025-08-17,CUST0171,Furniture,Bookshelf,Central,1,148.47,5,141.05,91.79,49.26,Debit Card
ORD00781,2025-08-17,CUST0097,Electronics,Smartphone,South,2,472.18,10,849.92,546.88,303.04,Cash
ORD01068,2025-08-17,CUST0095,Sports,Yoga Mat,East,2,32.22,15,54.77,45.03,9.74,Credit Card
ORD00936,2025-08-17,CUST0063,Accessories,Backpack,West,3,47.65,15,121.51,91.45,30.06,Credit Card
ORD00185,2025-08-17,CUST0261,Electronics,Smartphone,North,1,492.25,5,467.64,296.15,171.49,Cash
ORD00558,2025-08-18,CUST0220,Sports,Yoga Mat,North,3,35.16,15,89.66,63.75,25.91,UPI
ORD00011,2025-08-19,CUST0041,Electronics,Headphones,West,1,84.64,10,76.18,56.81,19.37,Credit Card
ORD01181,2025-08-19,CUST0009,Electronics,Monitor,North,4,205.68,5,781.58,592.16,189.42,Credit Card
ORD00946,2025-08-19,CUST0092,Sports,Dumbbells,Central,5,64.9,10,292.05,230.68,61.37,Net Banking
ORD00452,2025-08-20,CUST0255,Furniture,Bookshelf,Central,2,138.01,10,248.42,162.91,85.51,Net Banking
ORD00841,2025-08-21,CUST0195,Electronics,Laptop,East,4,595.59,5,2263.24,1402.42,860.82,Cash
ORD01489,2025-08-21,CUST0245,Electronics,Keyboard,North,3,48.17,5,137.28,95.49,41.79,Net Banking
ORD00324,2025-08-22,CUST0051,Electronics,Monitor,South,2,199.36,0,398.72,250.24,148.48,UPI
ORD00863,2025-08-22,CUST0209,Electronics,Keyboard,Central,5,44.2,15,187.85,127.97,59.88,Credit Card
ORD00961,2025-08-22,CUST0260,Accessories,Backpack,North,5,47.55,20,190.2,171.58,18.62,Debit Card
ORD01164,2025-08-23,CUST0150,Furniture,Office Chair,Central,5,171.12,15,727.26,513.18,214.08,Credit Card
ORD00079,2025-08-23,CUST0043,Furniture,Bookshelf,East,5,139.79,20,559.16,430.38,128.78,UPI
ORD00142,2025-08-24,CUST0239,Accessories,Sunglasses,North,1,69.72,5,66.23,47.1,19.13,Debit Card
ORD00707,2025-08-25,CUST0055,Sports,Yoga Mat,West,5,34.63,5,164.49,120.51,43.98,Cash
ORD00153,2025-08-25,CUST0289,Electronics,Headphones,East,2,82.59,10,148.66,108.81,39.85,Cash
ORD01331,2025-08-25,CUST0008,Sports,Yoga Mat,Central,4,33.68,5,127.98,94.84,33.14,Credit Card
ORD00685,2025-08-25,CUST0237,Sports,Dumbbells,North,4,54.48,10,196.13,134.07,62.06,UPI
ORD00732,2025-08-26,CUST0070,Accessories,Backpack,South,1,46.64,5,44.31,28.49,15.82,Cash
ORD00705,2025-08-26,CUST0182,Furniture,Desk,North,2,272.27,5,517.31,305.73,211.58,Cash
ORD00916,2025-08-27,CUST0270,Electronics,Smartphone,South,3,486.07,5,1385.3,1073.24,312.06,Credit Card
ORD01353,2025-08-27,CUST0253,Sports,Yoga Mat,Central,5,36.56,20,146.24,124.11,22.13,Cash
ORD01121,2025-08-27,CUST0207,Accessories,Sunglasses,East,5,63.31,5,300.72,214.67,86.05,Net Banking
ORD00023,2025-08-28,CUST0144,Furniture,Office Chair,North,5,184.81,10,831.64,607.24,224.4,Credit Card
ORD00832,2025-08-28,CUST0286,Electronics,Headphones,East,3,82.62,10,223.07,177.78,45.29,Net Banking
ORD00556,2025-08-28,CUST0115,Furniture,Office Chair,South,3,166.52,0,499.56,371.02,128.54,UPI
ORD01184,2025-08-28,CUST0089,Sports,Running Shoes,East,5,88.99,15,378.21,295.52,82.69,Net Banking
ORD00850,2025-08-28,CUST0136,Accessories,Sunglasses,West,1,66.89,20,53.51,43.45,10.06,Debit Card
ORD01330,2025-08-29,CUST0258,Accessories,Watch,Central,4,124.13,10,446.87,273.62,173.25,Credit Card
ORD00903,2025-08-29,CUST0028,Sports,Yoga Mat,Central,4,33.72,5,128.14,86.79,41.35,UPI
ORD00159,2025-08-30,CUST0219,Accessories,Backpack,North,5,54.37,0,271.85,186.92,84.93,Cash
ORD01001,2025-08-30,CUST0226,Accessories,Backpack,North,3,51.58,10,139.27,114.79,24.48,Debit Card
ORD01496,2025-08-31,CUST0192,Electronics,Smartphone,West,4,408.5,0,1634.0,1135.48,498.52,Credit Card
ORD01499,2025-08-31,CUST0059,Electronics,Smartphone,East,5,406.72,10,1830.24,1405.98,424.26,Credit Card
ORD00182,2025-08-31,CUST0186,Electronics,Monitor,Central,2,232.89,10,419.2,317.2,102.0,Cash
ORD01452,2025-08-31,CUST0276,Sports,Yoga Mat,South,2,37.47,10,67.45,45.94,21.51,UPI
ORD01057,2025-09-01,CUST0128,Furniture,Desk,Central,3,268.94,0,806.82,494.57,312.25,Cash
ORD01380,2025-09-01,CUST0280,Electronics,Smartphone,West,1,475.67,10,428.1,284.2,143.9,Cash
ORD00223,2025-09-01,CUST0012,Electronics,Smartphone,North,3,456.71,10,1233.12,908.83,324.29,Debit Card
ORD01052,2025-09-01,CUST0051,Electronics,Laptop,North,1,600.76,10,540.68,344.09,196.59,Cash
ORD00594,2025-09-02,CUST0109,Furniture,Desk,North,2,259.97,0,519.94,320.34,199.6,Net Banking
ORD01473,2025-09-02,CUST0073,Electronics,Keyboard,North,4,46.21,5,175.6,102.33,73.27,Cash
ORD01128,2025-09-02,CUST0155,Accessories,Sunglasses,North,2,74.34,0,148.68,85.79,62.89,Cash
ORD01077,2025-09-02,CUST0014,Accessories,Backpack,South,2,49.95,0,99.9,69.78,30.12,UPI
ORD01133,2025-09-02,CUST0043,Electronics,Monitor,North,5,225.95,10,1016.78,826.88,189.9,Net Banking
ORD00677,2025-09-03,CUST0110,Electronics,Smartphone,Central,2,440.39,0,880.78,593.07,287.71,Cash
ORD01480,2025-09-03,CUST0008,Accessories,Watch,East,3,123.41,20,296.18,205.91,90.27,Debit Card
ORD00332,2025-09-03,CUST0005,Electronics,Smartphone,North,3,446.26,5,1271.84,746.5,525.34,Cash
ORD01468,2025-09-03,CUST0036,Accessories,Backpack,Central,3,48.82,5,139.14,98.66,40.48,UPI
ORD00606,2025-09-03,CUST0060,Electronics,Keyboard,Central,2,40.86,15,69.46,53.32,16.14,Net Banking
ORD00022,2025-09-04,CUST0203,Accessories,Sunglasses,East,2,69.27,10,124.69,91.52,33.17,Credit Card
ORD01453,2025-09-04,CUST0022,Accessories,Sunglasses,East,2,64.3,15,109.31,89.29,20.02,UPI
ORD00348,2025-09-05,CUST0127,Sports,Dumbbells,East,2,55.9,5,106.21,81.21,25.0,Credit Card
ORD00795,2025-09-05,CUST0214,Sports,Dumbbells,Central,2,63.91,15,108.65,90.53,18.12,Credit Card
ORD00840,2025-09-05,CUST0115,Accessories,Watch,North,5,123.55,10,555.98,343.38,212.6,Net Banking
ORD00411,2025-09-05,CUST0278,Sports,Yoga Mat,West,5,36.66,15,155.8,133.19,22.61,Debit Card
ORD00596,2025-09-06,CUST0038,Sports,Running Shoes,Central,2,81.12,5,154.13,105.33,48.8,UPI
ORD01030,2025-09-06,CUST0076,Sports,Running Shoes,North,2,94.35,0,188.7,115.21,73.49,Cash
ORD00052,2025-09-06,CUST0164,Electronics,Smartphone,South,5,408.53,15,1736.25,1294.2,442.05,Net Banking
ORD00927,2025-09-06,CUST0246,Accessories,Sunglasses,West,4,71.08,0,284.32,192.92,91.4,UPI
ORD01456,2025-09-06,CUST0105,Electronics,Keyboard,East,5,46.7,0,233.5,136.59,96.91,Net Banking
ORD01389,2025-09-06,CUST0147,Furniture,Office Chair,North,3,173.76,15,443.09,338.7,104.39,UPI
ORD01475,2025-09-07,CUST0151,Electronics,Smartphone,West,2,466.94,15,793.8,697.79,96.01,Credit Card
ORD01182,2025-09-08,CUST0084,Furniture,Desk,South,5,243.25,15,1033.81,890.92,142.89,UPI
ORD00694,2025-09-08,CUST0174,Electronics,Keyboard,South,2,42.01,5,79.82,52.17,27.65,Debit Card
ORD00395,2025-09-08,CUST0169,Furniture,Desk,Central,2,268.08,10,482.54,324.28,158.26,Credit Card
ORD00231,2025-09-09,CUST0097,Electronics,Keyboard,West,1,42.89,10,38.6,25.11,13.49,Cash
ORD01316,2025-09-09,CUST0015,Accessories,Sunglasses,South,1,66.7,0,66.7,49.33,17.37,Net Banking
ORD00570,2025-09-10,CUST0257,Accessories,Backpack,South,4,52.83,15,179.62,127.94,51.68,Debit Card
ORD00050,2025-09-10,CUST0242,Sports,Dumbbells,East,4,56.58,5,215.0,141.55,73.45,Credit Card
ORD01492,2025-09-10,CUST0291,Sports,Yoga Mat,West,4,33.22,10,119.59,96.12,23.47,UPI
ORD00809,2025-09-10,CUST0222,Sports,Yoga Mat,North,2,32.24,10,58.03,45.5,12.53,UPI
ORD00058,2025-09-10,CUST0230,Sports,Dumbbells,Central,2,62.26,20,99.62,89.33,10.29,Debit Card
ORD01247,2025-09-11,CUST0101,Furniture,Desk,North,3,241.96,10,653.29,409.47,243.82,UPI
ORD00259,2025-09-11,CUST0024,Furniture,Bookshelf,South,5,141.72,10,637.74,469.19,168.55,Debit Card
ORD01267,2025-09-11,CUST0210,Accessories,Watch,West,3,114.97,5,327.66,243.96,83.7,Net Banking
ORD01056,2025-09-12,CUST0208,Electronics,Headphones,South,2,72.91,10,131.24,106.27,24.97,Cash
ORD01233,2025-09-12,CUST0228,Sports,Running Shoes,South,4,91.97,10,331.09,236.72,94.37,Net Banking
ORD00770,2025-09-12,CUST0020,Electronics,Smartphone,South,2,406.52,0,813.04,595.07,217.97,Credit Card
ORD00118,2025-09-12,CUST0054,Furniture,Bookshelf,North,1,133.11,10,119.8,78.43,41.37,Net Banking
ORD01101,2025-09-12,CUST0085,Sports,Dumbbells,South,5,54.22,5,257.54,153.14,104.4,Cash
ORD01263,2025-09-12,CUST0082,Furniture,Office Chair,North,3,181.6,0,544.8,357.64,187.16,Credit Card
ORD00301,2025-09-12,CUST0149,Accessories,Sunglasses,Central,4,76.94,10,276.98,221.94,55.04,Cash
ORD01293,2025-09-12,CUST0126,Furniture,Office Chair,West,3,186.71,10,504.12,310.13,193.99,Cash
ORD01138,2025-09-12,CUST0220,Sports,Dumbbells,North,3,65.03,10,175.58,142.41,33.17,Cash
ORD01348,2025-09-13,CUST0243,Electronics,Monitor,North,1,236.44,5,224.62,151.88,72.74,Credit Card
ORD00453,2025-09-13,CUST0038,Furniture,Office Chair,East,2,170.96,15,290.63,227.49,63.14,Cash
ORD01042,2025-09-13,CUST0144,Sports,Yoga Mat,South,5,34.75,0,173.75,124.08,49.67,Net Banking
ORD00835,2025-09-14,CUST0235,Electronics,Laptop,West,4,689.5,10,2482.2,1797.6,684.6,Credit Card
ORD00901,2025-09-14,CUST0295,Electronics,Keyboard,Central,5,45.79,5,217.5,132.25,85.25,Credit Card
ORD00250,2025-09-15,CUST0029,Furniture,Office Chair,Central,3,181.42,5,517.05,378.58,138.47,Cash
ORD00315,2025-09-15,CUST0285,Electronics,Laptop,North,1,626.74,5,595.4,438.7,156.7,Debit Card
ORD00002,2025-09-15,CUST0294,Sports,Dumbbells,South,5,62.5,10,281.25,173.16,108.09,Cash
ORD01183,2025-09-15,CUST0270,Sports,Dumbbells,South,5,60.64,10,272.88,226.58,46.3,Credit Card
ORD01210,2025-09-15,CUST0253,Sports,Dumbbells,North,4,65.25,20,208.8,188.55,20.25,Net Banking
ORD01003,2025-09-15,CUST0275,Electronics,Keyboard,West,4,47.98,15,163.13,116.78,46.35,Debit Card
ORD01017,2025-09-15,CUST0178,Furniture,Office Chair,Central,1,169.21,10,152.29,103.88,48.41,UPI
ORD00359,2025-09-15,CUST0138,Accessories,Backpack,East,5,47.42,10,213.39,173.61,39.78,Credit Card
ORD00094,2025-09-16,CUST0161,Accessories,Sunglasses,South,5,76.05,10,342.22,233.52,108.7,Debit Card
ORD01279,2025-09-16,CUST0205,Electronics,Smartphone,South,2,430.76,10,775.37,508.11,267.26,UPI
ORD00811,2025-09-16,CUST0103,Electronics,Monitor,North,1,229.21,5,217.75,127.04,90.71,Credit Card
ORD01129,2025-09-16,CUST0095,Electronics,Smartphone,South,4,417.54,5,1586.65,926.03,660.62,Net Banking
ORD00341,2025-09-17,CUST0075,Electronics,Monitor,East,3,201.9,10,545.13,392.21,152.92,UPI
ORD01107,2025-09-17,CUST0072,Electronics,Monitor,East,5,217.0,15,922.25,767.27,154.98,Credit Card
ORD01018,2025-09-17,CUST0095,Furniture,Office Chair,Central,3,189.09,15,482.18,397.46,84.72,Credit Card
ORD01444,2025-09-17,CUST0005,Furniture,Bookshelf,North,1,148.18,10,133.36,96.16,37.2,Cash
ORD01482,2025-09-18,CUST0286,Sports,Dumbbells,North,5,65.29,5,310.13,194.38,115.75,Debit Card
ORD00147,2025-09-19,CUST0005,Sports,Dumbbells,Central,2,54.44,5,103.44,80.73,22.71,Credit Card
ORD00950,2025-09-19,CUST0288,Electronics,Monitor,West,2,229.68,15,390.46,321.9,68.56,UPI
ORD01427,2025-09-19,CUST0271,Sports,Running Shoes,Central,5,84.64,5,402.04,250.87,151.17,Cash
ORD01309,2025-09-19,CUST0244,Furniture,Bookshelf,South,5,137.21,0,686.05,427.61,258.44,Credit Card
ORD00507,2025-09-19,CUST0163,Furniture,Office Chair,Central,2,192.05,0,384.1,238.78,145.32,Net Banking
ORD00524,2025-09-19,CUST0239,Electronics,Laptop,South,3,588.72,5,1677.85,1177.41,500.44,Cash
ORD01071,2025-09-20,CUST0049,Electronics,Monitor,North,3,204.74,15,522.09,339.03,183.06,Cash
ORD01435,2025-09-20,CUST0134,Electronics,Keyboard,Central,5,47.67,10,214.52,133.18,81.34,Cash
ORD01092,2025-09-20,CUST0035,Accessories,Backpack,North,5,53.71,10,241.7,158.05,83.65,Debit Card
ORD00829,2025-09-20,CUST0189,Electronics,Monitor,South,3,226.63,10,611.9,491.81,120.09,Debit Card
ORD01423,2025-09-21,CUST0221,Electronics,Keyboard,East,5,47.49,0,237.45,141.47,95.98,Cash
ORD01243,2025-09-21,CUST0250,Accessories,Backpack,North,5,53.35,10,240.08,155.39,84.69,Debit Card
ORD00200,2025-09-22,CUST0003,Accessories,Backpack,Central,2,46.68,10,84.02,63.35,20.67,Debit Card
ORD00906,2025-09-22,CUST0215,Electronics,Keyboard,West,1,48.89,5,46.45,35.29,11.16,Debit Card
ORD00702,2025-09-22,CUST0145,Accessories,Backpack,Central,1,46.84,5,44.5,26.13,18.37,Debit Card
ORD00005,2025-09-22,CUST0053,Furniture,Desk,South,2,273.28,15,464.58,388.98,75.6,Cash
ORD01176,2025-09-22,CUST0088,Electronics,Keyboard,West,2,44.73,15,76.04,49.72,26.32,Net Banking
ORD00382,2025-09-23,CUST0203,Electronics,Smartphone,North,1,487.64,0,487.64,278.13,209.51,Credit Card
ORD01150,2025-09-23,CUST0109,Sports,Running Shoes,South,5,97.15,5,461.46,305.52,155.94,UPI
ORD01328,2025-09-24,CUST0287,Sports,Running Shoes,East,3,91.76,10,247.75,178.38,69.37,Net Banking
ORD01061,2025-09-24,CUST0002,Accessories,Watch,South,5,124.48,0,622.4,456.01,166.39,Credit Card
ORD00025,2025-09-24,CUST0151,Sports,Running Shoes,South,1,90.32,5,85.8,64.81,20.99,UPI
ORD00757,2025-09-24,CUST0193,Electronics,Laptop,South,3,605.38,5,1725.33,1247.12,478.21,UPI
ORD01487,2025-09-24,CUST0214,Sports,Dumbbells,South,5,60.12,0,300.6,197.14,103.46,UPI
ORD01209,2025-09-25,CUST0103,Electronics,Laptop,East,5,619.53,5,2942.77,2140.08,802.69,Credit Card
ORD00557,2025-09-25,CUST0207,Accessories,Watch,East,4,123.65,10,445.14,354.37,90.77,Debit Card
ORD01006,2025-09-25,CUST0011,Furniture,Bookshelf,North,3,135.79,10,366.63,247.9,118.73,Cash
ORD00049,2025-09-25,CUST0065,Electronics,Headphones,North,4,84.98,0,339.92,242.75,97.17,Debit Card
ORD00285,2025-09-26,CUST0162,Accessories,Sunglasses,West,1,76.78,5,72.94,52.49,20.45,Cash
ORD00560,2025-09-26,CUST0089,Electronics,Headphones,Central,5,83.72,10,376.74,307.6,69.14,Credit Card
ORD01335,2025-09-26,CUST0020,Electronics,Smartphone,South,3,463.84,0,1391.52,954.92,436.6,UPI
ORD00446,2025-09-26,CUST0267,Sports,Yoga Mat,East,5,36.81,10,165.64,112.52,53.12,Credit Card
ORD00484,2025-09-26,CUST0171,Electronics,Laptop,Central,5,636.72,10,2865.24,2277.9,587.34,Net Banking
ORD01372,2025-09-27,CUST0287,Electronics,Monitor,South,1,219.48,5,208.51,161.42,47.09,Cash
ORD01024,2025-09-27,CUST0104,Electronics,Monitor,West,5,231.03,20,924.12,784.28,139.84,Cash
ORD00805,2025-09-27,CUST0079,Furniture,Desk,North,3,260.02,0,780.06,547.43,232.63,Credit Card
ORD00847,2025-09-27,CUST0153,Sports,Yoga Mat,Central,4,32.85,10,118.26,88.21,30.05,Net Banking
ORD00527,2025-09-27,CUST0071,Furniture,Office Chair,Central,5,172.34,10,775.53,522.15,253.38,Cash
ORD00886,2025-09-27,CUST0292,Furniture,Office Chair,Central,4,166.69,0,666.76,412.81,253.95,UPI
ORD00766,2025-09-27,CUST0247,Sports,Dumbbells,West,5,59.38,15,252.36,192.35,60.01,UPI
ORD00665,2025-09-28,CUST0093,Sports,Dumbbells,North,3,62.48,0,187.44,123.16,64.28,Debit Card
ORD00008,2025-09-28,CUST0215,Accessories,Backpack,West,2,54.27,5,103.11,75.48,27.63,Credit Card
ORD00291,2025-09-29,CUST0066,Accessories,Backpack,East,3,47.54,15,121.23,79.33,41.9,Cash
ORD01109,2025-09-29,CUST0171,Electronics,Laptop,West,4,597.75,15,2032.35,1523.69,508.66,Credit Card
ORD01271,2025-09-29,CUST0150,Electronics,Smartphone,South,1,410.54,0,410.54,230.01,180.53,Debit Card
ORD00353,2025-09-30,CUST0281,Electronics,Keyboard,North,3,49.19,10,132.81,103.62,29.19,Net Banking
ORD00482,2025-09-30,CUST0058,Electronics,Laptop,South,4,615.17,5,2337.65,1483.97,853.68,UPI
ORD01194,2025-09-30,CUST0168,Furniture,Desk,Central,4,250.75,5,952.85,584.82,368.03,Cash
ORD00488,2025-09-30,CUST0221,Furniture,Bookshelf,Central,2,147.02,5,279.34,169.1,110.24,Net Banking
ORD01088,2025-09-30,CUST0293,Accessories,Watch,South,5,116.76,10,525.42,423.07,102.35,Debit Card
ORD00810,2025-09-30,CUST0288,Sports,Yoga Mat,North,4,36.21,5,137.6,89.19,48.41,UPI
ORD01425,2025-09-30,CUST0213,Electronics,Laptop,Central,2,682.57,0,1365.14,843.41,521.73,Credit Card
ORD00726,2025-09-30,CUST0232,Furniture,Bookshelf,North,5,149.66,15,636.05,465.39,170.66,UPI
ORD00374,2025-09-30,CUST0107,Sports,Yoga Mat,East,4,36.62,15,124.51,90.97,33.54,Net Banking
ORD00168,2025-09-30,CUST0236,Electronics,Headphones,West,4,79.7,10,286.92,182.82,104.1,Cash
ORD00588,2025-10-02,CUST0076,Furniture,Bookshelf,West,1,146.71,10,132.04,98.66,33.38,Cash
ORD00528,2025-10-02,CUST0106,Accessories,Backpack,Central,5,48.34,5,229.62,152.01,77.61,Net Banking
ORD00679,2025-10-02,CUST0279,Furniture,Bookshelf,East,1,143.66,5,136.48,92.1,44.38,Credit Card
ORD01008,2025-10-02,CUST0149,Accessories,Backpack,North,5,51.3,5,243.68,178.74,64.94,Credit Card
ORD01443,2025-10-02,CUST0071,Furniture,Office Chair,North,4,164.38,0,657.52,390.03,267.49,UPI
ORD00304,2025-10-03,CUST0157,Sports,Yoga Mat,East,4,35.75,5,135.85,96.71,39.14,Cash
ORD00467,2025-10-03,CUST0231,Electronics,Laptop,Central,1,695.16,5,660.4,391.01,269.39,Cash
ORD01356,2025-10-03,CUST0180,Electronics,Smartphone,Central,1,459.65,10,413.68,291.03,122.65,Net Banking
ORD00856,2025-10-03,CUST0179,Sports,Dumbbells,Central,5,57.23,10,257.53,158.59,98.94,Debit Card
ORD00225,2025-10-03,CUST0256,Electronics,Keyboard,South,3,46.75,0,140.25,86.85,53.4,Credit Card
ORD00607,2025-10-03,CUST0236,Accessories,Sunglasses,North,2,73.72,10,132.7,101.49,31.21,Net Banking
ORD01131,2025-10-04,CUST0099,Furniture,Bookshelf,West,2,130.16,0,260.32,164.73,95.59,Net Banking
ORD00460,2025-10-04,CUST0133,Electronics,Smartphone,North,3,438.58,10,1184.17,971.46,212.71,UPI
ORD00081,2025-10-04,CUST0005,Sports,Dumbbells,South,5,61.22,20,244.88,182.06,62.82,Cash
ORD00044,2025-10-05,CUST0247,Electronics,Keyboard,East,1,47.14,20,37.71,31.15,6.56,Cash
ORD01432,2025-10-05,CUST0203,Electronics,Smartphone,East,4,473.18,10,1703.45,1085.66,617.79,Net Banking
ORD00251,2025-10-05,CUST0171,Sports,Dumbbells,Central,2,60.07,5,114.13,86.28,27.85,Net Banking
ORD01360,2025-10-05,CUST0238,Accessories,Backpack,East,2,51.66,15,87.82,61.7,26.12,UPI
ORD01465,2025-10-05,CUST0271,Electronics,Smartphone,Central,1,413.01,10,371.71,298.3,73.41,Debit Card
ORD00581,2025-10-05,CUST0113,Electronics,Keyboard,Central,1,47.5,15,40.38,33.94,6.44,Cash
ORD01126,2025-10-05,CUST0029,Electronics,Monitor,Central,5,229.74,15,976.4,787.34,189.06,Net Banking
ORD01438,2025-10-05,CUST0162,Sports,Dumbbells,North,5,55.61,10,250.24,198.2,52.04,Cash
ORD00450,2025-10-06,CUST0204,Electronics,Monitor,North,2,233.86,10,420.95,330.03,90.92,Cash
ORD00583,2025-10-06,CUST0171,Accessories,Backpack,Central,2,51.81,10,93.26,60.43,32.83,UPI
ORD01281,2025-10-06,CUST0076,Furniture,Desk,South,3,254.49,10,687.12,450.54,236.58,Net Banking
ORD01366,2025-10-07,CUST0286,Accessories,Backpack,South,4,53.46,0,213.84,156.58,57.26,Debit Card
ORD00213,2025-10-07,CUST0188,Electronics,Headphones,East,2,83.48,5,158.61,114.95,43.66,Cash
ORD00124,2025-10-08,CUST0201,Electronics,Smartphone,East,3,471.75,10,1273.73,976.2,297.53,Cash
ORD00917,2025-10-08,CUST0253,Furniture,Office Chair,East,2,190.86,0,381.72,250.36,131.36,Cash
ORD00296,2025-10-08,CUST0270,Furniture,Bookshelf,South,3,148.47,5,423.14,287.65,135.49,Credit Card
ORD00970,2025-10-08,CUST0257,Furniture,Bookshelf,South,1,152.93,5,145.28,100.85,44.43,Debit Card
ORD01284,2025-10-09,CUST0021,Accessories,Backpack,West,5,50.15,10,225.68,172.3,53.38,Debit Card
ORD00136,2025-10-09,CUST0086,Sports,Running Shoes,South,5,81.79,10,368.06,273.04,95.02,Net Banking
ORD01177,2025-10-09,CUST0232,Electronics,Headphones,West,4,79.27,0,317.08,189.54,127.54,UPI
ORD00495,2025-10-09,CUST0010,Electronics,Smartphone,East,3,447.39,5,1275.06,915.87,359.19,UPI
ORD01321,2025-10-09,CUST0092,Electronics,Smartphone,West,2,488.53,10,879.35,641.0,238.35,UPI
ORD01245,2025-10-09,CUST0043,Accessories,Backpack,East,2,53.74,0,107.48,60.74,46.74,UPI
ORD00183,2025-10-09,CUST0008,Electronics,Headphones,West,5,85.38,5,405.55,254.93,150.62,Debit Card
ORD01142,2025-10-09,CUST0181,Sports,Dumbbells,South,3,58.17,10,157.06,114.15,42.91,Debit Card
ORD00682,2025-10-09,CUST0088,Accessories,Watch,West,5,109.91,10,494.6,377.33,117.27,Cash
ORD01091,2025-10-09,CUST0112,Electronics,Monitor,East,5,230.19,15,978.31,717.5,260.81,Debit Card
ORD00548,2025-10-10,CUST0104,Electronics,Laptop,East,1,649.87,5,617.38,398.79,218.59,UPI
ORD00823,2025-10-10,CUST0229,Accessories,Sunglasses,South,1,68.04,0,68.04,38.64,29.4,UPI
ORD00525,2025-10-10,CUST0079,Accessories,Backpack,West,5,45.06,10,202.77,126.7,76.07,Cash
ORD00425,2025-10-10,CUST0234,Electronics,Monitor,North,3,210.72,0,632.16,386.86,245.3,Net Banking
ORD00361,2025-10-10,CUST0181,Electronics,Monitor,South,4,207.67,5,789.15,478.72,310.43,UPI
ORD00613,2025-10-11,CUST0075,Furniture,Desk,Central,1,236.56,10,212.9,141.63,71.27,UPI
ORD00783,2025-10-13,CUST0282,Electronics,Laptop,Central,3,648.43,5,1848.03,1149.38,698.65,Credit Card
ORD00826,2025-10-13,CUST0103,Electronics,Keyboard,South,4,47.46,5,180.35,134.91,45.44,Credit Card
ORD00220,2025-10-13,CUST0149,Electronics,Headphones,West,5,84.3,10,379.35,252.37,126.98,Debit Card
ORD01370,2025-10-13,CUST0111,Sports,Running Shoes,West,4,93.82,15,318.99,249.93,69.06,Credit Card
ORD00229,2025-10-14,CUST0005,Accessories,Backpack,East,5,51.03,0,255.15,158.95,96.2,Debit Card
ORD00913,2025-10-14,CUST0085,Electronics,Smartphone,South,2,491.22,10,884.2,639.19,245.01,UPI
ORD00413,2025-10-15,CUST0262,Electronics,Laptop,North,2,694.17,5,1318.92,815.94,502.98,Debit Card
ORD00178,2025-10-15,CUST0300,Furniture,Desk,South,4,268.59,10,966.92,684.08,282.84,Debit Card
ORD00038,2025-10-15,CUST0215,Electronics,Laptop,East,4,588.59,15,2001.21,1567.47,433.74,Credit Card
ORD01338,2025-10-15,CUST0124,Electronics,Monitor,West,3,226.61,0,679.83,416.39,263.44,Credit Card
ORD00366,2025-10-15,CUST0028,Furniture,Desk,North,5,257.55,10,1158.98,874.28,284.7,Credit Card
ORD01191,2025-10-16,CUST0100,Electronics,Monitor,West,5,215.34,10,969.03,649.32,319.71,Net Banking
ORD00674,2025-10-16,CUST0018,Furniture,Bookshelf,West,5,143.2,10,644.4,427.68,216.72,Credit Card
ORD01311,2025-10-16,CUST0194,Furniture,Office Chair,North,2,179.87,5,341.75,227.96,113.79,Debit Card
ORD00733,2025-10-16,CUST0278,Sports,Running Shoes,South,4,89.99,0,359.96,253.04,106.92,Net Banking
ORD01256,2025-10-16,CUST0031,Accessories,Watch,South,4,127.8,10,460.08,312.33,147.75,Debit Card
ORD00102,2025-10-16,CUST0254,Electronics,Monitor,West,3,204.67,10,552.61,375.99,176.62,Debit Card
ORD01467,2025-10-17,CUST0265,Accessories,Backpack,Central,3,49.44,20,118.66,105.16,13.5,UPI
ORD00321,2025-10-17,CUST0156,Sports,Dumbbells,Central,1,58.72,0,58.72,38.47,20.25,Cash
ORD00387,2025-10-17,CUST0181,Electronics,Monitor,West,2,213.51,10,384.32,305.3,79.02,Net Banking
ORD00865,2025-10-17,CUST0159,Furniture,Desk,Central,3,227.62,10,614.57,482.49,132.08,Net Banking
ORD01350,2025-10-18,CUST0047,Furniture,Desk,West,2,243.8,5,463.22,330.6,132.62,Credit Card
ORD00212,2025-10-18,CUST0263,Accessories,Sunglasses,Central,5,69.95,10,314.78,261.46,53.32,Debit Card
ORD00725,2025-10-18,CUST0056,Electronics,Headphones,West,3,76.85,5,219.02,159.85,59.17,Credit Card
ORD00843,2025-10-18,CUST0180,Accessories,Sunglasses,East,1,69.45,0,69.45,42.17,27.28,Cash
ORD00110,2025-10-18,CUST0063,Sports,Running Shoes,West,5,95.45,5,453.39,262.93,190.46,Credit Card
ORD00989,2025-10-18,CUST0186,Electronics,Headphones,East,2,82.65,10,148.77,100.38,48.39,Cash
ORD00800,2025-10-18,CUST0094,Electronics,Keyboard,Central,5,45.97,5,218.36,130.27,88.09,Debit Card
ORD00741,2025-10-18,CUST0159,Electronics,Monitor,West,3,236.69,10,639.06,463.57,175.49,Credit Card
ORD00204,2025-10-18,CUST0136,Electronics,Monitor,South,5,211.52,5,1004.72,751.54,253.18,Cash
ORD01223,2025-10-18,CUST0168,Accessories,Watch,Central,3,122.32,10,330.26,225.18,105.08,Cash
ORD00060,2025-10-19,CUST0070,Furniture,Office Chair,West,4,194.68,5,739.78,520.48,219.3,UPI
ORD00244,2025-10-19,CUST0078,Furniture,Bookshelf,North,1,144.69,20,115.75,79.88,35.87,Credit Card
ORD00967,2025-10-19,CUST0288,Electronics,Smartphone,South,4,436.95,5,1660.41,1073.4,587.01,Debit Card
ORD00567,2025-10-19,CUST0244,Furniture,Desk,East,2,253.85,15,431.54,314.32,117.22,UPI
ORD00845,2025-10-19,CUST0152,Accessories,Sunglasses,West,2,69.41,10,124.94,102.59,22.35,Credit Card
ORD00189,2025-10-20,CUST0020,Furniture,Office Chair,South,4,163.23,10,587.63,487.95,99.68,Net Banking
ORD01058,2025-10-20,CUST0222,Electronics,Keyboard,East,5,45.94,10,206.73,169.33,37.4,Net Banking
ORD00754,2025-10-20,CUST0103,Electronics,Smartphone,West,2,480.1,10,864.18,538.91,325.27,Credit Card
ORD00491,2025-10-20,CUST0244,Furniture,Office Chair,West,3,172.64,0,517.92,349.04,168.88,Debit Card
ORD00771,2025-10-20,CUST0008,Sports,Running Shoes,West,5,92.93,5,441.42,345.28,96.14,Debit Card
ORD01236,2025-10-20,CUST0294,Electronics,Smartphone,East,4,440.75,15,1498.55,1064.39,434.16,Credit Card
ORD00122,2025-10-20,CUST0256,Sports,Yoga Mat,North,2,31.74,5,60.31,45.46,14.85,Debit Card
ORD01262,2025-10-21,CUST0007,Sports,Dumbbells,South,2,65.76,20,105.22,86.68,18.54,Credit Card
ORD00992,2025-10-21,CUST0088,Electronics,Keyboard,East,3,48.53,0,145.59,93.43,52.16,Credit Card
ORD00672,2025-10-21,CUST0246,Accessories,Sunglasses,Central,4,70.03,15,238.1,172.44,65.66,Cash
ORD01493,2025-10-21,CUST0189,Furniture,Desk,South,2,237.27,5,450.81,352.66,98.15,Debit Card
ORD01441,2025-10-21,CUST0148,Furniture,Office Chair,East,4,177.69,0,710.76,469.93,240.83,Cash
ORD01400,2025-10-21,CUST0041,Accessories,Backpack,North,2,54.58,0,109.16,62.02,47.14,Cash
ORD00252,2025-10-22,CUST0108,Electronics,Laptop,North,3,658.45,5,1876.58,1358.6,517.98,Net Banking
ORD01070,2025-10-22,CUST0279,Electronics,Laptop,West,3,615.48,5,1754.12,1193.04,561.08,Cash
ORD00434,2025-10-22,CUST0128,Accessories,Watch,South,5,119.9,10,539.55,441.61,97.94,Credit Card
ORD00876,2025-10-23,CUST0177,Electronics,Laptop,Central,3,600.28,5,1710.8,1081.22,629.58,Credit Card
ORD01043,2025-10-23,CUST0235,Electronics,Monitor,Central,1,228.71,5,217.27,161.94,55.33,Debit Card
ORD00099,2025-10-23,CUST0295,Sports,Dumbbells,East,2,57.79,15,98.24,77.17,21.07,Net Banking
ORD00281,2025-10-24,CUST0164,Electronics,Keyboard,Central,3,42.18,0,126.54,71.98,54.56,Net Banking
ORD00957,2025-10-24,CUST0165,Furniture,Office Chair,East,1,191.26,0,191.26,125.92,65.34,Debit Card
ORD00108,2025-10-24,CUST0214,Accessories,Backpack,East,2,45.77,0,91.54,52.26,39.28,Credit Card
ORD00523,2025-10-25,CUST0054,Furniture,Desk,East,1,268.42,5,255.0,197.37,57.63,UPI
ORD00206,2025-10-25,CUST0036,Furniture,Desk,West,5,239.76,0,1198.8,849.57,349.23,Cash
ORD00654,2025-10-25,CUST0275,Accessories,Sunglasses,North,4,74.61,10,268.6,175.5,93.1,Cash
ORD01362,2025-10-25,CUST0133,Electronics,Keyboard,North,1,43.74,0,43.74,31.17,12.57,UPI
ORD00605,2025-10-25,CUST0164,Accessories,Sunglasses,Central,1,63.01,0,63.01,46.04,16.97,Cash
ORD01352,2025-10-26,CUST0099,Electronics,Keyboard,West,5,42.7,10,192.15,148.02,44.13,UPI
ORD00447,2025-10-27,CUST0207,Furniture,Bookshelf,North,5,137.9,5,655.02,504.42,150.6,Debit Card
ORD01403,2025-10-27,CUST0038,Furniture,Desk,East,1,258.89,0,258.89,167.1,91.79,Cash
ORD00328,2025-10-27,CUST0139,Electronics,Headphones,West,2,77.48,0,154.96,93.6,61.36,UPI
ORD00367,2025-10-28,CUST0267,Sports,Dumbbells,Central,2,55.69,0,111.38,75.12,36.26,Net Banking
ORD00586,2025-10-28,CUST0175,Electronics,Keyboard,West,1,46.06,0,46.06,27.25,18.81,Net Banking
ORD00312,2025-10-28,CUST0090,Furniture,Bookshelf,West,5,143.02,10,643.59,437.55,206.04,Debit Card
ORD01251,2025-10-28,CUST0133,Accessories,Watch,South,5,114.35,10,514.58,374.8,139.78,Credit Card
ORD00249,2025-10-29,CUST0238,Sports,Running Shoes,West,2,84.98,10,152.96,126.74,26.22,UPI
ORD00069,2025-10-30,CUST0010,Accessories,Sunglasses,South,3,76.3,15,194.56,159.12,35.44,UPI
ORD00121,2025-10-30,CUST0197,Electronics,Headphones,West,5,82.29,15,349.73,284.23,65.5,UPI
ORD01179,2025-10-30,CUST0095,Furniture,Desk,Central,3,232.69,10,628.26,494.71,133.55,Credit Card
ORD00861,2025-10-30,CUST0262,Furniture,Bookshelf,South,3,136.07,10,367.39,257.65,109.74,Cash
ORD00664,2025-10-31,CUST0135,Furniture,Bookshelf,East,3,150.35,5,428.5,256.03,172.47,Net Banking
ORD00333,2025-10-31,CUST0108,Sports,Running Shoes,West,2,83.68,15,142.26,107.53,34.73,Cash
ORD01063,2025-10-31,CUST0276,Sports,Dumbbells,Central,5,55.22,20,220.88,174.2,46.68,Debit Card
ORD00354,2025-10-31,CUST0028,Electronics,Monitor,North,3,241.98,10,653.35,414.48,238.87,UPI
ORD00455,2025-10-31,CUST0291,Electronics,Laptop,South,3,631.86,0,1895.58,1339.7,555.88,Credit Card
ORD00199,2025-11-01,CUST0224,Accessories,Backpack,North,2,51.95,5,98.7,65.22,33.48,UPI
ORD00898,2025-11-01,CUST0225,Sports,Dumbbells,East,1,64.98,0,64.98,41.78,23.2,Cash
ORD00188,2025-11-01,CUST0120,Accessories,Backpack,West,1,48.57,10,43.71,31.9,11.81,Cash
ORD00174,2025-11-01,CUST0123,Furniture,Office Chair,North,2,190.82,10,343.48,225.18,118.3,Credit Card
ORD00435,2025-11-01,CUST0103,Furniture,Desk,Central,5,269.78,5,1281.45,797.02,484.43,Credit Card
ORD00536,2025-11-02,CUST0095,Furniture,Bookshelf,North,1,128.79,0,128.79,86.37,42.42,Credit Card
ORD01026,2025-11-02,CUST0124,Electronics,Keyboard,East,3,41.78,10,112.81,84.97,27.84,Credit Card
ORD00565,2025-11-02,CUST0230,Furniture,Desk,East,1,232.57,20,186.06,150.12,35.94,Cash
ORD00582,2025-11-02,CUST0012,Electronics,Laptop,North,2,694.48,15,1180.62,846.32,334.3,Credit Card
ORD00703,2025-11-02,CUST0161,Sports,Running Shoes,Central,4,88.71,10,319.36,197.09,122.27,Credit Card
ORD01186,2025-11-02,CUST0254,Accessories,Backpack,West,5,46.71,5,221.87,159.64,62.23,Net Banking
ORD01378,2025-11-03,CUST0169,Electronics,Keyboard,North,2,49.04,5,93.18,70.57,22.61,Credit Card
ORD00004,2025-11-03,CUST0135,Accessories,Backpack,Central,3,54.83,5,156.27,105.83,50.44,Credit Card
ORD00933,2025-11-03,CUST0052,Electronics,Smartphone,North,3,426.72,15,1088.14,724.2,363.94,Cash
ORD01314,2025-11-03,CUST0076,Accessories,Backpack,Central,1,45.23,0,45.23,28.25,16.98,Debit Card
ORD01118,2025-11-04,CUST0252,Electronics,Headphones,East,4,79.23,5,301.07,182.77,118.3,Credit Card
ORD01454,2025-11-04,CUST0137,Electronics,Laptop,Central,4,643.26,10,2315.74,1897.63,418.11,Cash
ORD00077,2025-11-04,CUST0249,Electronics,Smartphone,North,2,444.37,5,844.3,649.52,194.78,Cash
ORD01075,2025-11-04,CUST0074,Electronics,Monitor,Central,5,221.42,20,885.68,809.36,76.32,Cash
ORD00192,2025-11-04,CUST0234,Electronics,Smartphone,West,4,416.32,10,1498.75,960.11,538.64,Debit Card
ORD00699,2025-11-04,CUST0019,Accessories,Sunglasses,Central,5,64.81,0,324.05,197.53,126.52,Cash
ORD00871,2025-11-05,CUST0145,Sports,Running Shoes,Central,3,81.03,10,218.78,147.47,71.31,Credit Card
ORD01449,2025-11-05,CUST0009,Electronics,Keyboard,East,4,44.83,15,152.42,98.73,53.69,Debit Card
ORD00029,2025-11-06,CUST0163,Electronics,Headphones,Central,1,74.57,0,74.57,49.2,25.37,Credit Card
ORD00716,2025-11-06,CUST0254,Electronics,Smartphone,South,3,456.23,0,1368.69,990.38,378.31,Cash
ORD00146,2025-11-06,CUST0243,Sports,Running Shoes,Central,4,88.23,0,352.92,253.24,99.68,Debit Card
ORD00007,2025-11-06,CUST0191,Furniture,Bookshelf,South,4,140.56,5,534.13,370.71,163.42,Debit Card
ORD00977,2025-11-06,CUST0119,Furniture,Desk,North,1,272.2,10,244.98,171.28,73.7,Net Banking
ORD01386,2025-11-06,CUST0102,Accessories,Watch,North,1,114.95,5,109.2,69.42,39.78,Net Banking
ORD00218,2025-11-07,CUST0208,Sports,Yoga Mat,South,4,35.94,20,115.01,100.77,14.24,Credit Card
ORD00134,2025-11-07,CUST0012,Accessories,Backpack,East,3,46.37,15,118.24,102.95,15.29,Net Banking
ORD01125,2025-11-07,CUST0300,Accessories,Sunglasses,South,5,70.28,5,333.83,214.0,119.83,Cash
ORD00862,2025-11-07,CUST0129,Sports,Dumbbells,North,1,54.79,5,52.05,37.87,14.18,Cash
ORD00697,2025-11-08,CUST0196,Sports,Running Shoes,West,2,82.24,5,156.26,108.55,47.71,Debit Card
ORD00272,2025-11-09,CUST0165,Electronics,Monitor,South,5,216.43,0,1082.15,651.49,430.66,Net Banking
ORD00473,2025-11-09,CUST0106,Accessories,Backpack,Central,4,45.82,5,174.12,117.65,56.47,Debit Card
ORD00109,2025-11-09,CUST0001,Accessories,Sunglasses,East,5,74.74,20,298.96,214.85,84.11,Net Banking
ORD01036,2025-11-09,CUST0254,Sports,Dumbbells,North,4,55.76,5,211.89,160.85,51.04,Net Banking
ORD00428,2025-11-09,CUST0214,Electronics,Headphones,North,1,82.83,15,70.41,59.44,10.97,Net Banking
ORD00262,2025-11-09,CUST0118,Electronics,Smartphone,Central,4,477.12,0,1908.48,1342.27,566.21,Credit Card
ORD00293,2025-11-09,CUST0117,Sports,Yoga Mat,Central,1,34.02,5,32.32,19.18,13.14,Cash
ORD00630,2025-11-10,CUST0196,Electronics,Laptop,East,2,586.29,15,996.69,827.38,169.31,Debit Card
ORD00512,2025-11-10,CUST0128,Electronics,Laptop,Central,3,642.73,20,1542.55,1349.74,192.81,Cash
ORD00234,2025-11-10,CUST0065,Accessories,Sunglasses,Central,3,74.06,5,211.07,148.07,63.0,Net Banking
ORD01252,2025-11-10,CUST0276,Accessories,Watch,South,1,114.85,10,103.36,82.56,20.8,Net Banking
ORD00609,2025-11-11,CUST0144,Electronics,Smartphone,North,3,472.07,10,1274.59,844.69,429.9,Cash
ORD00458,2025-11-11,CUST0051,Furniture,Desk,Central,3,242.1,15,617.35,476.12,141.23,Cash
ORD00019,2025-11-11,CUST0160,Accessories,Sunglasses,North,5,66.77,10,300.46,199.92,100.54,Cash
ORD00584,2025-11-11,CUST0092,Sports,Running Shoes,East,2,82.64,15,140.49,100.35,40.14,UPI
ORD00352,2025-11-12,CUST0217,Furniture,Office Chair,South,4,166.18,10,598.25,371.22,227.03,Net Banking
ORD01337,2025-11-12,CUST0024,Sports,Dumbbells,North,3,64.91,5,184.99,107.93,77.06,Debit Card
ORD01430,2025-11-12,CUST0261,Electronics,Laptop,North,5,672.29,0,3361.45,2018.5,1342.95,Debit Card
ORD01397,2025-11-12,CUST0166,Accessories,Watch,West,4,108.08,5,410.7,320.74,89.96,UPI
ORD00791,2025-11-12,CUST0042,Furniture,Desk,North,2,236.95,5,450.2,287.31,162.89,UPI
ORD00642,2025-11-13,CUST0130,Electronics,Laptop,South,4,635.99,0,2543.96,1881.4,662.56,Credit Card
ORD00062,2025-11-13,CUST0001,Accessories,Watch,East,2,109.35,5,207.76,125.48,82.28,Net Banking
ORD00298,2025-11-13,CUST0164,Accessories,Backpack,North,1,53.73,5,51.04,30.76,20.28,Credit Card
ORD01323,2025-11-13,CUST0114,Furniture,Bookshelf,East,4,146.03,10,525.71,334.07,191.64,Debit Card
ORD00032,2025-11-13,CUST0147,Furniture,Office Chair,West,3,174.6,5,497.61,355.67,141.94,UPI
ORD00417,2025-11-14,CUST0161,Accessories,Sunglasses,East,5,75.76,0,378.8,235.22,143.58,Debit Card
ORD00649,2025-11-14,CUST0137,Furniture,Bookshelf,West,1,151.5,0,151.5,83.51,67.99,Credit Card
ORD00530,2025-11-14,CUST0221,Furniture,Office Chair,West,4,174.15,10,626.94,494.98,131.96,Cash
ORD00184,2025-11-14,CUST0111,Accessories,Backpack,North,2,53.54,0,107.08,69.44,37.64,Cash
ORD01048,2025-11-14,CUST0241,Accessories,Watch,North,3,117.46,5,334.76,216.12,118.64,UPI
ORD01085,2025-11-14,CUST0068,Sports,Running Shoes,West,1,87.54,5,83.16,49.06,34.1,Debit Card
ORD01188,2025-11-14,CUST0280,Furniture,Office Chair,South,5,170.85,15,726.11,568.41,157.7,Net Banking
ORD00175,2025-11-14,CUST0084,Furniture,Desk,East,1,268.55,10,241.7,186.06,55.64,UPI
ORD00145,2025-11-15,CUST0011,Electronics,Keyboard,Central,5,45.8,5,217.55,170.94,46.61,Debit Card
ORD01072,2025-11-15,CUST0087,Sports,Yoga Mat,North,2,36.51,0,73.02,41.17,31.85,Debit Card
ORD01137,2025-11-15,CUST0181,Sports,Yoga Mat,North,4,37.3,10,134.28,87.15,47.13,Cash
ORD01090,2025-11-15,CUST0217,Accessories,Watch,South,2,114.12,10,205.42,131.33,74.09,Debit Card
ORD00418,2025-11-15,CUST0077,Accessories,Sunglasses,East,2,68.37,15,116.23,88.7,27.53,Debit Card
ORD00441,2025-11-16,CUST0040,Sports,Dumbbells,East,2,56.64,5,107.62,70.25,37.37,Cash
ORD00564,2025-11-16,CUST0087,Furniture,Office Chair,North,2,184.19,10,331.54,236.31,95.23,Debit Card
ORD01060,2025-11-16,CUST0269,Furniture,Office Chair,Central,5,186.78,5,887.2,554.68,332.52,UPI
ORD01230,2025-11-16,CUST0014,Sports,Yoga Mat,South,1,33.58,0,33.58,20.35,13.23,Debit Card
ORD00399,2025-11-16,CUST0147,Electronics,Laptop,West,5,697.14,10,3137.13,2042.1,1095.03,UPI
ORD00734,2025-11-16,CUST0138,Furniture,Desk,South,2,229.07,10,412.33,291.84,120.49,UPI
ORD01306,2025-11-17,CUST0086,Electronics,Laptop,East,5,600.45,20,2401.8,1660.21,741.59,Debit Card
ORD00226,2025-11-17,CUST0110,Electronics,Smartphone,Central,1,433.24,5,411.58,290.82,120.76,Cash
ORD00896,2025-11-17,CUST0042,Electronics,Headphones,Central,1,85.79,10,77.21,55.37,21.84,Credit Card
ORD00505,2025-11-17,CUST0249,Accessories,Backpack,South,1,47.27,5,44.91,31.8,13.11,Debit Card
ORD00095,2025-11-17,CUST0101,Electronics,Keyboard,North,2,43.4,20,69.44,61.8,7.64,Credit Card
ORD00723,2025-11-18,CUST0004,Electronics,Headphones,South,5,77.57,0,387.85,261.43,126.42,Credit Card
ORD01359,2025-11-18,CUST0085,Sports,Running Shoes,North,4,82.79,10,298.04,237.71,60.33,Net Banking
ORD00980,2025-11-18,CUST0168,Sports,Yoga Mat,Central,2,33.39,5,63.44,45.47,17.97,Net Banking
ORD01152,2025-11-18,CUST0067,Accessories,Sunglasses,South,3,64.9,15,165.5,126.46,39.04,UPI
ORD01282,2025-11-18,CUST0006,Furniture,Bookshelf,Central,2,151.26,5,287.39,221.9,65.49,Credit Card
ORD00793,2025-11-19,CUST0294,Accessories,Watch,Central,3,125.81,10,339.69,209.97,129.72,Credit Card
ORD01272,2025-11-19,CUST0297,Electronics,Laptop,East,2,708.88,0,1417.76,894.72,523.04,Net Banking
ORD00585,2025-11-19,CUST0006,Sports,Running Shoes,Central,4,81.4,10,293.04,243.45,49.59,Net Banking
ORD00799,2025-11-19,CUST0225,Electronics,Smartphone,North,1,473.86,10,426.47,306.61,119.86,UPI
ORD01015,2025-11-19,CUST0023,Accessories,Watch,South,1,129.27,10,116.34,92.76,23.58,Net Banking
ORD01392,2025-11-20,CUST0243,Electronics,Smartphone,North,5,459.12,5,2180.82,1625.16,555.66,Credit Card
ORD00920,2025-11-20,CUST0139,Furniture,Bookshelf,Central,4,130.82,15,444.79,376.82,67.97,Net Banking
ORD00302,2025-11-20,CUST0035,Electronics,Keyboard,North,3,47.14,5,134.35,92.64,41.71,Debit Card
ORD00323,2025-11-21,CUST0067,Electronics,Monitor,East,4,202.63,10,729.47,472.92,256.55,Net Banking
ORD00700,2025-11-21,CUST0055,Furniture,Desk,South,1,241.64,0,241.64,178.33,63.31,Debit Card
ORD00948,2025-11-22,CUST0030,Accessories,Sunglasses,South,2,66.96,15,113.83,86.0,27.83,UPI
ORD01066,2025-11-22,CUST0243,Electronics,Headphones,South,2,75.64,15,128.59,99.07,29.52,Credit Card
ORD00910,2025-11-22,CUST0196,Sports,Yoga Mat,South,1,37.36,5,35.49,22.86,12.63,Credit Card
ORD00125,2025-11-22,CUST0146,Sports,Yoga Mat,Central,2,36.34,15,61.78,49.9,11.88,Debit Card
ORD00461,2025-11-23,CUST0260,Sports,Running Shoes,North,1,90.98,0,90.98,63.65,27.33,Cash
ORD00339,2025-11-23,CUST0030,Accessories,Sunglasses,East,3,72.48,20,173.95,155.62,18.33,Credit Card
ORD01013,2025-11-24,CUST0184,Accessories,Watch,Central,4,131.31,10,472.72,334.9,137.82,Cash
ORD00151,2025-11-24,CUST0251,Electronics,Keyboard,Central,3,44.18,0,132.54,82.78,49.76,Debit Card
ORD00401,2025-11-24,CUST0124,Electronics,Keyboard,North,3,49.34,15,125.82,100.0,25.82,Credit Card
ORD01329,2025-11-24,CUST0290,Electronics,Keyboard,East,2,40.76,0,81.52,59.66,21.86,Credit Card
ORD00940,2025-11-24,CUST0023,Furniture,Bookshelf,West,2,151.89,5,288.59,198.78,89.81,Net Banking
ORD00107,2025-11-24,CUST0127,Accessories,Backpack,South,4,51.97,10,187.09,152.69,34.4,Credit Card
ORD01364,2025-11-24,CUST0262,Furniture,Desk,West,1,258.36,10,232.52,193.33,39.19,UPI
ORD00971,2025-11-25,CUST0145,Electronics,Headphones,West,1,77.58,10,69.82,57.66,12.16,Cash
ORD00932,2025-11-25,CUST0122,Electronics,Headphones,North,5,82.81,0,414.05,248.32,165.73,Debit Card
ORD01059,2025-11-25,CUST0297,Accessories,Sunglasses,South,3,70.23,15,179.09,122.36,56.73,Net Banking
ORD01471,2025-11-26,CUST0289,Furniture,Office Chair,West,3,190.42,0,571.26,375.01,196.25,UPI
ORD01464,2025-11-26,CUST0164,Accessories,Watch,North,5,128.78,10,579.51,371.16,208.35,Net Banking
ORD01022,2025-11-26,CUST0220,Accessories,Sunglasses,North,2,67.36,10,121.25,82.35,38.9,UPI
ORD00877,2025-11-26,CUST0216,Furniture,Desk,West,4,251.01,5,953.84,647.55,306.29,UPI
ORD00944,2025-11-26,CUST0054,Electronics,Smartphone,West,1,433.94,20,347.15,325.3,21.85,Debit Card
ORD00276,2025-11-26,CUST0098,Sports,Yoga Mat,East,5,36.15,0,180.75,107.22,73.53,Net Banking
ORD00090,2025-11-27,CUST0095,Electronics,Keyboard,North,5,42.71,0,213.55,124.32,89.23,UPI
ORD00222,2025-11-27,CUST0180,Accessories,Watch,South,2,116.31,5,220.99,139.06,81.93,Cash
ORD01379,2025-11-27,CUST0210,Furniture,Office Chair,West,4,176.38,10,634.97,479.05,155.92,UPI
ORD00486,2025-11-27,CUST0098,Sports,Running Shoes,North,4,98.94,15,336.4,280.67,55.73,Cash
ORD00389,2025-11-28,CUST0038,Electronics,Monitor,East,3,200.28,15,510.71,353.43,157.28,Cash
ORD01173,2025-11-28,CUST0184,Accessories,Watch,East,5,114.29,5,542.88,353.5,189.38,Debit Card
ORD00294,2025-11-29,CUST0207,Accessories,Sunglasses,South,4,73.72,15,250.65,208.68,41.97,UPI
ORD00760,2025-11-29,CUST0001,Furniture,Desk,West,4,259.2,10,933.12,609.69,323.43,UPI
ORD01461,2025-11-29,CUST0220,Accessories,Backpack,West,1,49.16,0,49.16,34.2,14.96,Cash
ORD01153,2025-11-29,CUST0043,Accessories,Backpack,East,1,46.44,10,41.8,25.63,16.17,Credit Card
ORD00870,2025-11-29,CUST0052,Electronics,Laptop,East,1,603.78,10,543.4,385.46,157.94,Debit Card
ORD01294,2025-11-30,CUST0205,Accessories,Backpack,North,1,51.59,15,43.85,31.98,11.87,Cash
ORD00875,2025-11-30,CUST0152,Accessories,Watch,East,1,114.0,5,108.3,70.82,37.48,UPI
ORD00299,2025-11-30,CUST0222,Electronics,Laptop,North,4,662.79,5,2518.6,1615.74,902.86,Cash
ORD00228,2025-11-30,CUST0020,Accessories,Backpack,South,4,49.32,20,157.82,120.81,37.01,Net Banking
ORD00641,2025-12-01,CUST0044,Furniture,Office Chair,East,3,176.89,5,504.14,296.09,208.05,Debit Card
ORD00822,2025-12-03,CUST0135,Accessories,Backpack,West,4,48.32,10,173.95,134.25,39.7,Cash
ORD01237,2025-12-03,CUST0008,Sports,Running Shoes,East,2,82.8,10,149.04,117.74,31.3,Net Banking
ORD00547,2025-12-03,CUST0087,Electronics,Keyboard,Central,3,40.65,10,109.76,84.85,24.91,Cash
ORD00965,2025-12-03,CUST0164,Sports,Dumbbells,South,2,61.54,15,104.62,77.42,27.2,Net Banking
ORD00131,2025-12-03,CUST0201,Sports,Yoga Mat,South,4,32.63,10,117.47,93.75,23.72,Debit Card
ORD00821,2025-12-03,CUST0043,Electronics,Keyboard,South,5,40.98,0,204.9,138.34,66.56,UPI
ORD01327,2025-12-03,CUST0083,Electronics,Keyboard,West,3,48.29,5,137.63,80.61,57.02,Cash
ORD01278,2025-12-03,CUST0173,Accessories,Watch,East,5,115.93,5,550.67,387.83,162.84,Net Banking
ORD00893,2025-12-03,CUST0192,Electronics,Laptop,South,3,692.59,0,2077.77,1320.49,757.28,Net Banking
ORD01285,2025-12-03,CUST0132,Accessories,Backpack,North,3,48.29,10,130.38,94.41,35.97,Cash
ORD00420,2025-12-04,CUST0056,Sports,Running Shoes,East,1,97.47,15,82.85,70.37,12.48,Net Banking
ORD00351,2025-12-04,CUST0141,Sports,Dumbbells,East,3,64.4,10,173.88,128.35,45.53,Credit Card
ORD01010,2025-12-04,CUST0136,Accessories,Backpack,East,1,52.25,15,44.41,38.09,6.32,Debit Card
ORD00909,2025-12-04,CUST0178,Electronics,Headphones,South,3,76.62,10,206.87,153.34,53.53,Debit Card
ORD01322,2025-12-04,CUST0134,Sports,Yoga Mat,South,2,36.17,10,65.11,43.17,21.94,Debit Card
ORD00397,2025-12-05,CUST0043,Electronics,Laptop,West,3,650.87,5,1854.98,1225.16,629.82,UPI
ORD00059,2025-12-05,CUST0136,Sports,Running Shoes,Central,2,83.64,15,142.19,109.18,33.01,Credit Card
ORD00958,2025-12-05,CUST0286,Electronics,Headphones,Central,2,73.32,15,124.64,107.49,17.15,UPI
ORD00662,2025-12-05,CUST0162,Furniture,Desk,West,4,267.78,10,964.01,678.72,285.29,Net Banking
ORD00028,2025-12-06,CUST0254,Furniture,Bookshelf,East,4,130.53,0,522.12,381.0,141.12,Credit Card
ORD00640,2025-12-06,CUST0129,Accessories,Watch,Central,1,127.11,10,114.4,88.71,25.69,Debit Card
ORD00650,2025-12-07,CUST0149,Electronics,Laptop,South,5,660.6,10,2972.7,2288.78,683.92,Net Banking
ORD00636,2025-12-07,CUST0198,Sports,Running Shoes,Central,4,94.7,0,378.8,211.58,167.22,Credit Card
ORD01269,2025-12-07,CUST0079,Accessories,Watch,West,1,120.11,0,120.11,82.81,37.3,Credit Card
ORD00684,2025-12-07,CUST0198,Furniture,Bookshelf,North,4,134.43,10,483.95,315.54,168.41,Cash
ORD01385,2025-12-08,CUST0146,Furniture,Desk,West,3,272.25,10,735.08,457.1,277.98,UPI
ORD01410,2025-12-08,CUST0278,Electronics,Smartphone,North,5,428.07,5,2033.33,1403.44,629.89,Cash
ORD00305,2025-12-08,CUST0194,Furniture,Desk,South,4,244.23,0,976.92,632.59,344.33,UPI
ORD00671,2025-12-08,CUST0149,Sports,Yoga Mat,West,4,37.49,10,134.96,104.97,29.99,Debit Card
ORD01204,2025-12-08,CUST0152,Sports,Dumbbells,South,1,57.19,15,48.61,37.34,11.27,Cash
ORD01415,2025-12-08,CUST0098,Sports,Running Shoes,North,3,83.58,5,238.2,184.28,53.92,Net Banking
ORD00551,2025-12-09,CUST0096,Electronics,Keyboard,East,4,44.01,5,167.24,113.72,53.52,UPI
ORD01178,2025-12-09,CUST0175,Accessories,Sunglasses,South,5,70.92,5,336.87,241.06,95.81,Net Banking
ORD01189,2025-12-09,CUST0252,Accessories,Watch,East,4,121.49,0,485.96,288.1,197.86,Credit Card
ORD00676,2025-12-09,CUST0287,Sports,Running Shoes,North,3,88.24,10,238.25,168.09,70.16,Net Banking
ORD00198,2025-12-10,CUST0089,Electronics,Smartphone,Central,5,444.2,10,1998.9,1584.83,414.07,Credit Card
ORD00169,2025-12-10,CUST0072,Sports,Running Shoes,East,1,92.73,0,92.73,57.05,35.68,Net Banking
ORD01031,2025-12-11,CUST0018,Sports,Running Shoes,South,4,91.17,10,328.21,249.42,78.79,Cash
ORD01076,2025-12-11,CUST0072,Accessories,Sunglasses,East,1,74.3,5,70.58,52.2,18.38,Cash
ORD00154,2025-12-11,CUST0181,Electronics,Laptop,South,3,677.09,15,1726.58,1457.24,269.34,Cash
ORD01012,2025-12-11,CUST0160,Sports,Running Shoes,East,1,86.64,5,82.31,50.75,31.56,Cash
ORD00600,2025-12-11,CUST0045,Electronics,Laptop,Central,2,687.79,0,1375.58,862.42,513.16,Debit Card
ORD00273,2025-12-11,CUST0161,Electronics,Smartphone,South,5,422.83,10,1902.74,1401.82,500.92,Net Banking
ORD01334,2025-12-11,CUST0146,Furniture,Bookshelf,West,4,138.53,5,526.41,390.68,135.73,Net Banking
ORD00929,2025-12-11,CUST0008,Accessories,Sunglasses,Central,1,67.24,15,57.15,42.76,14.39,Cash
ORD00941,2025-12-12,CUST0103,Sports,Yoga Mat,West,5,35.52,0,177.6,120.32,57.28,Net Banking
ORD00854,2025-12-12,CUST0244,Accessories,Sunglasses,East,5,73.74,15,313.4,222.57,90.83,Debit Card
ORD00513,2025-12-12,CUST0284,Furniture,Bookshelf,Central,3,151.4,0,454.2,264.01,190.19,Debit Card
ORD00024,2025-12-12,CUST0147,Accessories,Backpack,West,3,45.41,0,136.23,91.03,45.2,Cash
ORD01367,2025-12-12,CUST0082,Accessories,Watch,North,1,113.66,15,96.61,83.16,13.45,Credit Card
ORD00442,2025-12-13,CUST0235,Sports,Dumbbells,South,4,61.88,10,222.77,171.22,51.55,Credit Card
ORD00111,2025-12-13,CUST0017,Sports,Yoga Mat,East,3,34.76,15,88.64,67.38,21.26,UPI
ORD01363,2025-12-14,CUST0240,Accessories,Backpack,South,2,45.49,10,81.88,61.02,20.86,Debit Card
ORD00017,2025-12-14,CUST0231,Accessories,Backpack,North,4,53.83,5,204.55,132.39,72.16,Credit Card
ORD01451,2025-12-14,CUST0129,Accessories,Sunglasses,East,4,65.62,10,236.23,146.08,90.15,Net Banking
ORD01037,2025-12-14,CUST0286,Sports,Running Shoes,South,2,83.08,5,157.85,94.94,62.91,Cash
ORD01310,2025-12-14,CUST0018,Electronics,Keyboard,North,5,48.7,0,243.5,142.43,101.07,UPI
ORD00727,2025-12-14,CUST0171,Electronics,Laptop,East,1,686.1,20,548.88,408.34,140.54,Debit Card
ORD01111,2025-12-14,CUST0166,Sports,Running Shoes,North,1,81.19,5,77.13,54.82,22.31,Cash
ORD00621,2025-12-15,CUST0098,Accessories,Watch,South,1,114.14,0,114.14,74.82,39.32,Net Banking
ORD00798,2025-12-15,CUST0020,Furniture,Desk,Central,5,225.66,15,959.06,742.88,216.18,Cash
ORD00480,2025-12-15,CUST0255,Sports,Yoga Mat,Central,3,33.86,15,86.34,70.69,15.65,Cash
ORD00205,2025-12-16,CUST0263,Accessories,Sunglasses,West,2,76.67,5,145.67,109.58,36.09,Debit Card
ORD01249,2025-12-16,CUST0126,Electronics,Headphones,North,3,72.18,15,184.06,132.61,51.45,Net Banking
ORD00624,2025-12-16,CUST0081,Electronics,Laptop,North,2,706.01,0,1412.02,963.22,448.8,Net Banking
ORD00317,2025-12-16,CUST0296,Electronics,Headphones,South,4,83.86,10,301.9,220.05,81.85,Credit Card
ORD00907,2025-12-16,CUST0194,Electronics,Smartphone,South,3,472.29,10,1275.18,845.62,429.56,Cash
ORD00738,2025-12-17,CUST0147,Furniture,Desk,North,4,266.75,10,960.3,738.44,221.86,Net Banking
ORD00719,2025-12-17,CUST0140,Accessories,Watch,South,4,111.34,15,378.56,311.51,67.05,Net Banking
ORD00943,2025-12-17,CUST0138,Sports,Dumbbells,Central,4,63.07,5,239.67,161.58,78.09,Net Banking
ORD01478,2025-12-18,CUST0202,Electronics,Laptop,North,4,627.22,5,2383.44,1798.77,584.67,Net Banking
ORD01472,2025-12-18,CUST0109,Electronics,Keyboard,Central,4,48.39,10,174.2,142.39,31.81,Cash
ORD00542,2025-12-18,CUST0226,Electronics,Smartphone,West,4,446.88,5,1698.14,988.03,710.11,Cash
ORD00375,2025-12-18,CUST0094,Electronics,Smartphone,North,2,419.55,10,755.19,541.54,213.65,UPI
ORD00620,2025-12-18,CUST0189,Furniture,Desk,West,3,268.17,10,724.06,463.77,260.29,Credit Card
ORD00729,2025-12-19,CUST0057,Sports,Running Shoes,Central,1,91.97,10,82.77,67.42,15.35,UPI
ORD01342,2025-12-19,CUST0295,Electronics,Smartphone,East,3,472.89,0,1418.67,786.09,632.58,Net Banking
ORD00706,2025-12-19,CUST0193,Electronics,Keyboard,Central,5,43.04,10,193.68,130.37,63.31,UPI
ORD01500,2025-12-19,CUST0145,Accessories,Sunglasses,West,3,72.64,5,207.02,160.11,46.91,Debit Card
ORD01197,2025-12-19,CUST0110,Electronics,Laptop,East,1,594.65,5,564.92,339.4,225.52,Debit Card
ORD00562,2025-12-19,CUST0164,Accessories,Backpack,East,3,48.78,20,117.07,82.3,34.77,Cash
ORD01324,2025-12-20,CUST0035,Sports,Dumbbells,South,3,54.73,20,131.35,104.86,26.49,Net Banking
ORD00433,2025-12-20,CUST0141,Electronics,Headphones,North,3,83.23,10,224.72,145.9,78.82,Debit Card
ORD00133,2025-12-20,CUST0012,Electronics,Headphones,East,2,83.12,10,149.62,100.48,49.14,Net Banking
ORD00329,2025-12-20,CUST0139,Electronics,Laptop,West,4,714.96,10,2573.86,1659.01,914.85,UPI
ORD00217,2025-12-20,CUST0286,Electronics,Headphones,West,2,82.59,20,132.14,109.28,22.86,Cash
ORD01297,2025-12-21,CUST0072,Sports,Dumbbells,South,3,54.54,15,139.08,114.71,24.37,Credit Card
ORD01216,2025-12-21,CUST0093,Sports,Running Shoes,South,2,87.0,15,147.9,103.32,44.58,Credit Card
ORD00545,2025-12-22,CUST0217,Accessories,Backpack,North,4,52.27,20,167.26,147.81,19.45,Net Banking
ORD00891,2025-12-22,CUST0168,Sports,Running Shoes,Central,2,95.37,15,162.13,115.1,47.03,Cash
ORD01270,2025-12-22,CUST0168,Accessories,Backpack,North,5,52.1,10,234.45,143.83,90.62,UPI
ORD01399,2025-12-22,CUST0027,Furniture,Desk,South,4,231.36,5,879.17,629.21,249.96,Credit Card
ORD01260,2025-12-22,CUST0276,Electronics,Headphones,Central,1,78.92,0,78.92,51.35,27.57,Net Banking
ORD01201,2025-12-22,CUST0026,Electronics,Smartphone,South,4,449.08,10,1616.69,1173.87,442.82,Debit Card
ORD00390,2025-12-23,CUST0025,Sports,Running Shoes,East,5,91.97,10,413.86,335.33,78.53,UPI
ORD01127,2025-12-23,CUST0200,Accessories,Backpack,Central,1,48.17,5,45.76,26.84,18.92,Credit Card
ORD00318,2025-12-23,CUST0213,Sports,Running Shoes,North,4,89.75,5,341.05,238.89,102.16,Credit Card
ORD00149,2025-12-23,CUST0098,Electronics,Headphones,East,5,80.59,5,382.8,269.41,113.39,Credit Card
ORD01049,2025-12-24,CUST0021,Furniture,Desk,West,3,249.53,5,711.16,538.8,172.36,UPI
ORD00610,2025-12-24,CUST0100,Sports,Running Shoes,East,4,96.23,15,327.18,225.78,101.4,Credit Card
ORD01418,2025-12-25,CUST0162,Electronics,Laptop,East,1,597.51,20,478.01,399.04,78.97,Credit Card
ORD01318,2025-12-25,CUST0128,Electronics,Laptop,South,1,625.47,10,562.92,415.03,147.89,Cash
ORD00559,2025-12-25,CUST0154,Furniture,Bookshelf,West,3,151.02,0,453.06,255.95,197.11,UPI
ORD01381,2025-12-25,CUST0038,Accessories,Watch,East,2,111.77,5,212.36,151.68,60.68,Cash
ORD00018,2025-12-25,CUST0198,Sports,Running Shoes,East,3,95.72,5,272.8,207.37,65.43,Credit Card
ORD00827,2025-12-25,CUST0053,Electronics,Keyboard,South,2,44.16,5,83.9,62.87,21.03,Cash
ORD00500,2025-12-26,CUST0151,Furniture,Desk,East,4,230.29,10,829.04,667.48,161.56,Debit Card
ORD01203,2025-12-26,CUST0194,Furniture,Desk,Central,5,262.09,15,1113.88,913.91,199.97,Cash
ORD01469,2025-12-27,CUST0204,Electronics,Smartphone,Central,3,463.2,5,1320.12,1029.08,291.04,UPI
ORD00540,2025-12-27,CUST0042,Sports,Running Shoes,Central,5,97.98,5,465.4,301.17,164.23,Net Banking
ORD00730,2025-12-28,CUST0116,Electronics,Headphones,South,5,83.56,10,376.02,244.34,131.68,UPI
ORD01166,2025-12-28,CUST0222,Sports,Yoga Mat,West,5,36.91,5,175.32,114.01,61.31,Cash
ORD00432,2025-12-29,CUST0137,Accessories,Sunglasses,North,3,73.49,5,209.45,146.48,62.97,Credit Card
ORD00894,2025-12-29,CUST0202,Accessories,Watch,West,1,119.38,15,101.47,65.76,35.71,Net Banking
ORD00631,2025-12-29,CUST0285,Sports,Yoga Mat,Central,2,38.44,10,69.19,55.47,13.72,Debit Card
ORD00592,2025-12-29,CUST0158,Sports,Running Shoes,Central,1,86.45,5,82.13,60.18,21.95,UPI
ORD00202,2025-12-30,CUST0021,Accessories,Backpack,East,4,52.65,10,189.54,150.07,39.47,Net Banking
ORD00816,2025-12-30,CUST0130,Sports,Dumbbells,West,5,64.56,5,306.66,190.13,116.53,Cash
ORD01159,2025-12-30,CUST0225,Electronics,Keyboard,West,1,46.64,15,39.64,32.19,7.45,Cash
ORD00288,2025-12-30,CUST0213,Furniture,Office Chair,South,3,197.57,10,533.44,432.83,100.61,UPI
ORD00464,2025-12-30,CUST0299,Electronics,Keyboard,West,1,48.79,5,46.35,32.53,13.82,Net Banking
ORD00454,2025-12-31,CUST0163,Accessories,Backpack,Central,3,53.01,15,135.18,108.91,26.27,Net Banking
ORD00749,2025-12-31,CUST0037,Accessories,Sunglasses,North,2,73.18,10,131.72,105.95,25.77,Net Banking
ORD00327,2025-12-31,CUST0042,Accessories,Watch,South,4,119.47,20,382.3,313.71,68.59,Net Banking
ORD01023,2025-12-31,CUST0090,Electronics,Headphones,West,4,74.03,10,266.51,190.22,76.29,Credit Card
ORD00265,2025-12-31,CUST0051,Sports,Dumbbells,Central,1,61.04,10,54.94,42.09,12.85,UPI
